id,host,code,abroad_facing_excluded
1,bank-host-excluded,N,True
2,bank-host-excluded,P,True
3,bank-host-02,B,False
4,bank-host-20,S,False
5,bank-host-excluded,P,True
6,bank-host-excluded,B,True
7,bank-host-excluded,X,True
8,bank-host-excluded,P,True
9,bank-host-excluded,B,True
10,bank-host-excluded,P,True
11,bank-host-11,P,False
12,postalbooking.customs.go.th,P,False
13,registeronline.customs.go.th,P,False
14,tariffeservice.customs.go.th,N,False
15,efiling.rd.go.th,P,False
16,eservice.labour.go.th,X,False
17,itserver15.labour.go.th,P,False
18,agent-service.nsf.or.th,S,False
19,eservice.nsf.or.th,P,False
20,mygpf.gpf.or.th,P,False
21,eservices.mwa.co.th,P,False
22,eservicesapp.mwa.co.th,P,False
23,customer-application.pwa.co.th,P,False
24,eprocurement.pwa.co.th,B,False
25,eservice.pwa.co.th,P,False
26,intranet.pwa.co.th,S,False
27,register.pwa.co.th,P,False
28,working.pwa.co.th,S,False
29,eservice.pea.co.th,N,False
30,sabuyservice.pea.co.th,P,False
31,student.mytcas.com,P,False
32,e-ocs.obec.go.th,P,False
33,receipt.obec.go.th,S,False
34,www.50tavi.e-service.coj.go.th,X,False
35,audit.nhso.go.th,S,False
36,eclaim.nhso.go.th,I,False
37,eservices.nhso.go.th,P,False
38,ppplatform.nhso.go.th,P,False
39,ucinfo.nhso.go.th,N,False
40,vendor.nhso.go.th,B,False
41,webappqshc.kku.ac.th,I,False
42,url2.childrenhospital.go.th,P,False
43,tmc.hospital.tu.ac.th,P,False
44,his.nkp-hospital.go.th,P,False
45,auth.bumrungrad.com,P,False
46,dev34.pmk.ac.th,B,False
47,prehn.pmk.ac.th,P,False
48,wba.pmk.ac.th,P,False
49,datainfo.mnrh.go.th,I,False
50,carbooking.mch.mfu.ac.th,S,False
51,gtw.skhospital.go.th,S,False
52,zkbio.skhospital.go.th,S,False
53,medhr.medicine.psu.ac.th,P,False
54,home.tsm.go.th,P,False
55,appointment.sunpasit.go.th,P,False
56,intra.sunpasit.go.th,S,False
57,www1.sunpasit.go.th,X,False
58,appointonline.crhospital.org,P,False
59,gen-click.generali.co.th,P,False
60,webapp2.generali.co.th,B,False
61,insure.insurverse.co.th,P,False
62,customer.samsunglife.co.th,P,False
63,agent.aia.co.th,S,False
64,irpas.aia.co.th,P,False
65,iservice.aia.co.th,B,False
66,www.healthcare.aia.co.th,I,False
67,bkiws.bangkokinsurance.com,X,False
68,apac.myaccount.chubb.com,P,False
69,partner.ergo.co.th,B,False
70,gen-click.generali.co.th,P,False
71,webapp2.generali.co.th,B,False
72,epolicy.kpi.co.th,P,False
73,member.kpi.co.th,P,False
74,e-training.mittare.com,S,False
75,jsmart.msig-thai.com,P,False
76,mservices.msig-thai.com,P,False
77,msigbizlink.msig-thai.com,B,False
78,icai.newindia.co.in,P,True
79,icmai.newindia.co.in,P,True
80,icsi.newindia.co.in,P,True
81,pmsby.newindia.co.in,P,False
82,suretybond.newindia.co.in,B,True
83,tlmp.newindia.co.in,S,False
84,web.newindia.co.in,S,True
85,iservice.ocean.co.th,P,False
86,iservice.philliplife.com,P,False
87,online.philliplife.com,P,False
88,online.prudential.co.th,P,False
89,services.prudential.co.th,B,False
90,onlinesale.tlife.co.th,P,False
91,apiservices.tsi.co.th,P,False
92,eservice.viriyah.co.th,P,False
93,eservice.etda.or.th,B,False
