host,rank_bucket,frame_org,reachable,pq,kx,tls,provider,provider_cname,code_claude,sector_claude,code_codex,sector_codex
ordermonitoring.truecorp.co.th,5000,n,True,True,X25519MLKEM768,TLS 1.3,Cloudflare,Cloudflare,S,telco,P,telco
mooc.dtam.moph.go.th,10000,y,True,True,X25519MLKEM768,TLS 1.3,Imperva,,P,gov,P,education
app.kwanchai.co.th,10000,n,True,False,P-256,TLS 1.2,other,,X,other,X,other
sso.tisi.go.th,10000,n,True,False,X25519,TLS 1.3,other,,B,gov,B,gov
siamrath.co.th,5000,n,True,True,X25519MLKEM768,TLS 1.3,Cloudflare,,N,media,N,media
www.msig-thai.com,10000,y,True,True,X25519MLKEM768,TLS 1.3,Imperva,Imperva,N,insurance,N,insurance
www.mazda.co.th,5000,n,True,True,X25519MLKEM768,TLS 1.3,CloudFront,CloudFront,N,other,N,other
xshot.winwin.co.th,10000,n,True,False,X25519,TLS 1.2,other,,X,other,P,other
www.thaipbs.or.th,1000,n,True,True,X25519MLKEM768,TLS 1.3,CloudFront,Imperva,N,media,N,media
sync.technologyland.co.th,5000,n,True,False,X25519,TLS 1.3,other,,S,other,B,other
bpsnet.patana.ac.th,10000,n,True,False,X25519,TLS 1.2,other,,N,education,N,education
www.tqm.co.th,10000,n,True,False,X25519,TLS 1.3,other,,P,insurance,N,insurance
tito.triplet.co.th,5000,n,True,True,X25519MLKEM768,TLS 1.3,Imperva,,S,telco,S,telco
de-system.svoa.co.th,10000,n,True,False,X25519,TLS 1.3,other,,S,other,X,other
www.sephora.co.th,5000,n,True,True,X25519MLKEM768,TLS 1.3,Akamai,Akamai (edgekey),P,ecommerce,P,ecommerce
timesheet.ntplc.co.th,5000,n,True,False,X25519,TLS 1.3,other,,S,telco,S,telco
elearning.stou.ac.th,10000,n,True,False,P-256,TLS 1.2,other,,S,education,S,education
bank-crux-12,5000,y,True,True,X25519MLKEM768,TLS 1.3,Akamai,Akamai (edgekey),P,bank,P,bank
www.aurora.co.th,1000,n,True,True,X25519MLKEM768,TLS 1.3,other,,P,ecommerce,P,ecommerce
e-service.doe.go.th,1000,y,True,False,X25519,TLS 1.2,other,,P,gov,P,gov
sso.moph.go.th,10000,y,True,False,X25519,TLS 1.2,other,,S,gov,S,gov
login.mea.or.th,10000,y,True,False,P-256,TLS 1.2,other,,P,gov,S,gov
www.thangrath.go.th,5000,n,True,True,X25519MLKEM768,TLS 1.3,Cloudflare,,P,gov,P,gov
eoffice.excise.go.th,5000,n,True,False,X25519,TLS 1.2,Cloudflare,Cloudflare,S,gov,S,gov
www.thaihonda.co.th,5000,n,True,False,X25519,TLS 1.3,other,,N,other,N,other
hcode.moph.go.th,10000,y,True,True,X25519MLKEM768,TLS 1.3,Cloudflare,Cloudflare,N,gov,I,hospital
dmama2.pwa.co.th,10000,y,True,False,X25519,TLS 1.2,other,,S,gov,X,gov
eform.ais.co.th,10000,n,True,False,X25519,TLS 1.3,other,,S,telco,S,telco
welfareregis.pea.co.th,1000,y,True,True,X25519MLKEM768,TLS 1.3,CloudFront,CloudFront,P,gov,P,gov
www.charleskeith.co.th,10000,n,True,True,X25519MLKEM768,TLS 1.3,Cloudflare,Cloudflare,P,ecommerce,P,ecommerce
ksp2569-2.inet.co.th,10000,n,True,True,X25519MLKEM768,TLS 1.3,Cloudflare,Cloudflare,P,gov,X,gov
dohgis.doh.go.th,10000,n,True,True,X25519MLKEM768,TLS 1.3,Imperva,,N,gov,N,gov
eoffice.yst2.go.th,10000,n,True,True,X25519MLKEM768,TLS 1.3,Cloudflare,,S,education,S,education
cios.coj.go.th,5000,y,True,False,X25519,TLS 1.3,other,,P,gov,P,gov
www.nakornthon.com,10000,y,True,True,X25519MLKEM768,TLS 1.3,Cloudflare,,N,hospital,N,hospital
www.ntplc.co.th,10000,n,True,False,X25519,TLS 1.3,other,,N,telco,N,telco
www.gungallery.in.th,10000,n,True,True,X25519MLKEM768,TLS 1.3,Cloudflare,,P,other,P,other
www4.fisheries.go.th,10000,n,True,True,X25519MLKEM768,TLS 1.3,Imperva,,X,gov,N,gov
sub.led.go.th,10000,y,True,False,P-256,TLS 1.2,other,,X,gov,X,gov
su-mooc.su.ac.th,10000,n,True,True,X25519MLKEM768,TLS 1.3,other,,P,education,P,education
regis.rmutl.ac.th,10000,n,True,False,X25519,TLS 1.2,other,,P,education,N,education
ursa2.bu.ac.th,10000,n,True,False,X25519,TLS 1.3,other,,P,education,S,education
doansw.doa.go.th,5000,n,True,False,P-256,TLS 1.2,other,,X,gov,X,gov
reg.rmutp.ac.th,10000,n,True,False,X25519,TLS 1.2,other,,P,education,P,education
lms.ntplc.co.th,10000,n,True,False,X25519,TLS 1.3,other,,S,telco,S,telco
edoc.pwa.co.th,5000,y,True,False,X25519,TLS 1.3,other,,S,gov,S,gov
store.true.th,5000,n,True,True,X25519MLKEM768,TLS 1.3,CloudFront,CloudFront,P,telco,P,ecommerce
www.kfc.co.th,5000,n,True,True,X25519MLKEM768,TLS 1.3,CloudFront,Akamai (edgekey),P,ecommerce,P,ecommerce
selfservice.ksp.or.th,10000,n,True,False,X25519,TLS 1.3,other,,P,gov,P,gov
www.synphaet.co.th,10000,n,True,True,X25519MLKEM768,TLS 1.3,Cloudflare,,N,hospital,N,hospital
bank-crux-08,10000,y,True,True,X25519MLKEM768,TLS 1.3,Cloudflare,,N,bank,X,bank
e-saraban.rmutp.ac.th,10000,n,True,False,X25519,TLS 1.3,other,,S,education,S,education
www.goldtraders.or.th,5000,n,True,True,X25519MLKEM768,TLS 1.3,Cloudflare,,N,finance-other,N,other
registrar.ku.ac.th,10000,n,True,True,X25519MLKEM768,TLS 1.3,other,,P,education,P,education
saraban.police.go.th,5000,n,True,False,P-256,TLS 1.2,other,,S,gov,S,gov
www.gwm.co.th,10000,n,True,True,X25519MLKEM768,TLS 1.3,Fastly,Fastly,N,other,N,other
smart.sakon2.go.th,10000,n,True,True,X25519MLKEM768,TLS 1.3,Cloudflare,,S,education,S,education
tfmweb.tfg.co.th,1000,n,True,False,P-384,TLS 1.3,other,,S,other,S,other
hrcs.doae.go.th,10000,n,True,False,X25519,TLS 1.3,other,,S,gov,S,gov
www.advice.co.th,1000,n,True,True,X25519MLKEM768,TLS 1.3,Cloudflare,Cloudflare,P,ecommerce,P,ecommerce
bank-crux-30,5000,y,True,True,X25519MLKEM768,TLS 1.3,Imperva,,N,bank,N,bank
bank-crux-33,10000,y,True,False,X25519,TLS 1.3,other,,B,bank,B,bank
honda.bike-parts.co.th,10000,n,True,False,X25519,TLS 1.3,other,,P,ecommerce,P,ecommerce
unemploy.doe.go.th,1000,y,True,False,X25519,TLS 1.2,other,,P,gov,P,gov
ucapps4.nhso.go.th,10000,y,True,False,X25519,TLS 1.3,other,,I,gov,I,hospital
merchant.shipsmileservices.in.th,5000,n,True,False,X25519,TLS 1.3,other,,B,transport-logistics,B,transport-logistics
efilingfn.dbd.go.th,5000,y,True,False,P-256,TLS 1.2,other,,B,gov,B,gov
efiling4.coj.go.th,10000,y,True,False,P-256,TLS 1.3,other,,P,gov,P,gov
sara.rmutk.ac.th,10000,n,True,False,X25519,TLS 1.3,other,,S,education,S,education
esaraban.fda.moph.go.th,10000,y,True,False,X25519,TLS 1.3,other,,S,gov,S,gov
www.3bb.co.th,10000,n,True,False,P-256,TLS 1.2,other,,N,telco,N,telco
app.dos.co.th,10000,n,True,False,X25519,TLS 1.2,other,,X,other,X,other
pec.thaihonda.co.th,5000,n,True,False,X25519,TLS 1.2,other,,N,other,B,other
globalhouse.co.th,5000,n,True,True,X25519MLKEM768,TLS 1.3,other,,P,ecommerce,P,ecommerce
smart.mdh.go.th,10000,n,True,True,X25519MLKEM768,TLS 1.3,Cloudflare,,S,education,S,education
eoffice.moph.go.th,10000,y,True,False,X25519,TLS 1.3,other,,S,gov,S,gov
register-n3.glo.or.th,10000,y,True,False,X25519,TLS 1.3,other,,P,gov,B,gov
srmcitizen.nhso.go.th,10000,y,True,False,P-256,TLS 1.2,other,,P,gov,P,gov
bank-crux-39,10000,y,True,True,X25519MLKEM768,TLS 1.3,Cloudflare,,N,bank,X,bank
withyou.dmsc.moph.go.th,5000,y,True,False,X25519,TLS 1.2,other,,X,gov,P,hospital
bank-crux-19,5000,y,True,True,X25519MLKEM768,TLS 1.3,other,Akamai (edgekey),N,bank,N,bank
csso.fwd.co.th,10000,y,True,True,X25519MLKEM768,TLS 1.3,Cloudflare,Cloudflare,P,insurance,P,insurance
enroll.tsu.ac.th,10000,n,True,True,X25519MLKEM768,TLS 1.3,other,,P,education,P,education
ess.sesa37.go.th,5000,n,True,False,X25519,TLS 1.3,other,,I,education,I,education
weather.bangkok.go.th,1000,n,True,True,X25519MLKEM768,TLS 1.3,Cloudflare,Cloudflare,N,gov,N,gov
smart.oic.or.th,10000,y,True,True,X25519MLKEM768,TLS 1.3,Imperva,,X,gov,X,gov
www.cosmenet.in.th,10000,n,True,False,X25519,TLS 1.3,other,,N,media,N,other
www.cgd.go.th,10000,y,True,True,X25519MLKEM768,TLS 1.3,Cloudflare,,N,gov,N,gov
www.es.co.th,10000,n,True,False,X25519,TLS 1.2,other,,B,other,P,ecommerce
e-sign.buu.ac.th,10000,y,True,False,X25519,TLS 1.2,other,,S,education,S,education
hatcepc.honda.co.th,10000,n,True,False,P-256,TLS 1.2,other,,B,other,X,other
www.dtac.co.th,1000,n,True,False,P-256,TLS 1.2,other,,N,telco,N,telco
nsw.md.go.th,10000,n,True,False,X25519,TLS 1.3,other,,B,gov,B,transport-logistics
dmsxagent.pea.co.th,5000,y,True,True,X25519MLKEM768,TLS 1.3,CloudFront,CloudFront,S,gov,S,gov
cart.lazada.co.th,5000,n,True,False,X25519,TLS 1.2,other,,P,ecommerce,P,ecommerce
www.secom.co.th,5000,n,True,True,X25519MLKEM768,TLS 1.3,Cloudflare,,N,other,N,other
www.ocsc.go.th,5000,n,True,True,X25519MLKEM768,TLS 1.3,Cloudflare,,N,gov,N,gov
amss.sukhothai2.go.th,10000,n,True,False,X25519,TLS 1.3,other,,S,education,S,education
ams.cpall.co.th,10000,n,True,True,X25519MLKEM768,TLS 1.3,CloudFront,CloudFront,S,other,S,ecommerce
eservice.pea.co.th,5000,y,True,True,X25519MLKEM768,TLS 1.3,CloudFront,CloudFront,P,gov,P,gov
www.pizzahut.co.th,10000,n,True,True,X25519MLKEM768,TLS 1.3,CloudFront,,P,ecommerce,P,ecommerce
eservice.labour.go.th,10000,y,True,False,P-256,TLS 1.2,other,,P,gov,I,gov
e-report.energy.go.th,10000,n,True,False,X25519,TLS 1.3,other,,S,gov,S,gov
saraban.swu.ac.th,10000,y,True,False,X25519,TLS 1.3,other,,S,education,S,education
media-center.moe.go.th,10000,n,True,False,X25519,TLS 1.3,other,,N,education,N,education
dcs2w.honda.th.com,10000,y,True,False,X25519,TLS 1.3,other,,B,other,B,other
bank-crux-31,1000,y,True,False,P-256,TLS 1.2,other,,P,bank,B,bank
classic.goldtraders.or.th,5000,n,True,False,P-384,TLS 1.2,other,,N,finance-other,N,finance-other
tedet.or.th,10000,n,True,False,X25519,TLS 1.2,other,,P,education,P,education
bank-crux-03,5000,y,True,False,X25519,TLS 1.2,other,,N,bank,N,bank
www.bualuang.co.th,5000,n,True,True,X25519MLKEM768,TLS 1.3,Cloudflare,Cloudflare,N,finance-other,N,finance-other
www.kaned3.go.th,10000,n,True,True,X25519MLKEM768,TLS 1.3,Cloudflare,,N,education,N,education
aftersales.toyota.co.th,5000,n,True,True,X25519MLKEM768,TLS 1.3,CloudFront,Cloudflare,N,other,N,other
thephub.in.th,10000,n,True,True,X25519MLKEM768,TLS 1.3,other,,P,ecommerce,P,ecommerce
apps.rtaf.mi.th,10000,y,True,False,X25519,TLS 1.2,other,,S,gov,S,gov
course.mytcas.com,5000,y,True,True,X25519MLKEM768,TLS 1.3,Fastly,,N,education,N,education
srmportal.nhso.go.th,5000,y,True,False,P-256,TLS 1.2,other,,I,gov,I,hospital
e-plan.dla.go.th,5000,n,True,False,P-256,TLS 1.3,other,,S,gov,S,gov
www.wepay.in.th,10000,n,True,True,X25519MLKEM768,TLS 1.3,Cloudflare,,P,finance-other,P,finance-other
regis.rmu.ac.th,10000,n,True,False,X25519,TLS 1.3,other,,P,education,P,education
ewp.doe.go.th,10000,y,True,True,X25519MLKEM768,TLS 1.3,Cloudflare,Cloudflare,P,gov,P,gov
www.fwd.co.th,5000,y,True,False,X25519,TLS 1.3,CloudFront,,P,insurance,P,insurance
www.ksp.or.th,10000,n,True,False,X25519,TLS 1.3,other,,N,gov,N,gov
reg.thonburi-u.ac.th,10000,n,True,False,P-256,TLS 1.2,other,,P,education,P,education
bank-crux-10,5000,y,True,False,X25519,TLS 1.3,other,,N,bank,N,bank
bank-crux-01,5000,y,True,True,X25519MLKEM768,TLS 1.3,Imperva,,N,bank,N,bank
beta-e-service.ru.ac.th,5000,n,True,False,P-256,TLS 1.2,other,,P,education,S,education
tbsc.myhr.co.th,10000,n,True,False,X25519,TLS 1.3,other,,S,other,S,other
member.sf.in.th,5000,n,True,False,P-256,TLS 1.2,other,,X,other,P,other
ereg.dbd.go.th,10000,y,True,True,X25519MLKEM768,TLS 1.3,Imperva,Imperva,B,gov,B,gov
www.nacc.go.th,10000,n,True,True,X25519MLKEM768,TLS 1.3,Cloudflare,,N,gov,N,gov
www.gnjoy.in.th,5000,n,True,True,X25519MLKEM768,TLS 1.3,Cloudflare,,P,other,P,other
mis-doi.rta.mi.th,10000,n,True,False,X25519,TLS 1.3,other,,S,gov,S,gov
ams.chubblife-agency.in.th,10000,n,True,True,X25519MLKEM768,TLS 1.3,other,Akamai (edgekey),S,insurance,S,insurance
rpbs-vii.rta.mi.th,10000,n,True,False,X25519,TLS 1.3,other,,S,gov,S,gov
auth.gg.in.th,5000,n,True,False,P-256,TLS 1.2,other,,X,other,X,other
welfare.dcy.go.th,10000,n,True,False,X25519,TLS 1.3,other,,I,gov,I,gov
office68.sakonnakhon3.go.th,10000,n,True,True,X25519MLKEM768,TLS 1.3,Cloudflare,,S,education,S,education
vnonmotor.viriyah.co.th,10000,y,True,True,X25519MLKEM768,TLS 1.3,Imperva,,S,insurance,S,insurance
mtisurvey.muangthaiinsurance.com,10000,y,True,False,X25519,TLS 1.3,other,,S,insurance,S,insurance
myoffice.pbn2.go.th,10000,n,True,False,P-256,TLS 1.2,other,,S,education,S,education
ro5web.triplet.co.th,10000,n,True,False,P-256,TLS 1.2,other,,S,telco,S,telco
metro.bemplc.co.th,10000,n,True,True,X25519MLKEM768,TLS 1.3,Imperva,,N,transport-logistics,N,transport-logistics
track.thailandpost.co.th,1000,y,True,False,X25519,TLS 1.3,other,,P,transport-logistics,P,transport-logistics
www.camphub.in.th,10000,n,True,True,X25519MLKEM768,TLS 1.3,Cloudflare,,N,other,N,education
bic.business-idea.co.th,5000,n,True,False,X25519,TLS 1.2,other,,S,other,S,transport-logistics
www.siamsport.co.th,1000,n,True,True,X25519MLKEM768,TLS 1.3,Cloudflare,,N,media,N,media
mrm.pea.co.th,1000,y,True,False,X25519,TLS 1.3,other,,S,gov,S,gov
muhr.mahidol.ac.th,10000,y,True,False,X25519,TLS 1.3,other,Akamai (edgesuite),S,education,S,education
alllogin.ku.ac.th,5000,n,True,False,X25519,TLS 1.3,other,,S,education,S,education
sakloan.saksiam.co.th,1000,n,True,True,X25519MLKEM768,TLS 1.3,Cloudflare,,S,finance-other,P,finance-other
ces.wu.ac.th,5000,y,True,False,X25519,TLS 1.3,other,,X,education,X,education
www.pandora.co.th,10000,n,True,True,X25519MLKEM768,TLS 1.3,Cloudflare,,P,ecommerce,P,ecommerce
wesafe.pea.co.th,10000,y,True,True,X25519MLKEM768,TLS 1.3,CloudFront,CloudFront,S,gov,S,gov
chordtabs.in.th,1000,n,True,False,P-256,TLS 1.2,other,,N,media,N,media
ossbkn.moe.go.th,10000,n,True,False,X25519,TLS 1.3,other,,S,education,S,education
vauto.viriyah.co.th,5000,y,True,True,X25519MLKEM768,TLS 1.3,Imperva,,S,insurance,S,insurance
paymentweb.payment.mpay.ais.th,5000,n,True,True,X25519MLKEM768,TLS 1.3,other-edge:Azure Front Door,,P,telco,P,finance-other
studentscms.spu.ac.th,10000,n,True,False,P-384,TLS 1.2,other,,P,education,S,education
www.muangthai.co.th,5000,y,True,True,X25519MLKEM768,TLS 1.3,Cloudflare,Cloudflare,N,insurance,N,insurance
thaimooc.ac.th,10000,n,True,False,X25519,TLS 1.3,other,,P,education,P,education
ffshop.xdnz.in.th,5000,n,True,True,X25519MLKEM768,TLS 1.3,Cloudflare,,P,ecommerce,P,ecommerce
student.udru.ac.th,10000,n,True,False,P-256,TLS 1.2,other,,P,education,S,education
www.sgb.co.th,10000,n,True,True,X25519MLKEM768,TLS 1.3,other-edge:Sucuri,,P,ecommerce,P,ecommerce
trueapp-insufficient.true.th,10000,n,True,True,X25519MLKEM768,TLS 1.3,CloudFront,CloudFront,X,telco,P,telco
iexpense.tungthanasin.co.th,10000,n,True,True,X25519MLKEM768,TLS 1.3,Cloudflare,,S,other,S,other
bank-crux-07,5000,y,True,True,X25519MLKEM768,TLS 1.3,Cloudflare,,P,bank,P,bank
www.treasury.go.th,10000,n,True,False,X25519,TLS 1.2,other,,N,gov,N,gov
www.nstda.or.th,5000,n,True,False,X25519,TLS 1.3,other,,N,gov,N,gov
afc.ccib.go.th,10000,n,True,True,X25519MLKEM768,TLS 1.3,Cloudflare,,S,gov,S,gov
hris.port.co.th,10000,n,True,False,P-256,TLS 1.2,other,,S,transport-logistics,S,transport-logistics
app.hrm.co.th,5000,n,True,False,X25519,TLS 1.2,other,,S,other,S,other
bizportal.go.th,10000,n,True,True,X25519MLKEM768,TLS 1.3,CloudFront,,B,gov,B,gov
edoc.tsu.ac.th,10000,n,True,False,P-256,TLS 1.2,other,,S,education,S,education
www.lcbp.co.th,10000,n,True,True,X25519MLKEM768,TLS 1.3,other,,P,ecommerce,P,ecommerce
bgcess.bigc.co.th,10000,n,True,False,X25519,TLS 1.3,other,,S,ecommerce,S,ecommerce
reg-mirror.kku.ac.th,5000,y,True,False,X25519,TLS 1.2,other,,P,education,P,education
www.homepro.co.th,1000,n,True,True,X25519MLKEM768,TLS 1.3,Cloudflare,Cloudflare,P,ecommerce,P,ecommerce
msign.mea.or.th,5000,y,True,False,P-256,TLS 1.2,other,,S,gov,S,gov
saraban.dla.go.th,10000,n,True,False,P-256,TLS 1.3,other,,S,gov,S,gov
bank-crux-02,1000,y,True,False,P-256,TLS 1.2,other,,B,bank,B,bank
ratchada.ac.th,5000,n,True,True,X25519MLKEM768,TLS 1.3,Cloudflare,,N,education,N,education
bank-crux-24,5000,y,True,True,X25519MLKEM768,TLS 1.3,Akamai,Akamai (edgekey),B,bank,B,bank
member.insight.rakuten.co.th,5000,n,True,False,X25519,TLS 1.3,other,,P,other,P,other
mail.police.go.th,10000,n,True,False,P-256,TLS 1.2,other,,S,gov,S,gov
safesmart.tokiomarinesafety.co.th,10000,n,True,True,X25519MLKEM768,TLS 1.3,Imperva,,S,insurance,S,insurance
reg1.ubu.ac.th,5000,n,True,False,X25519,TLS 1.3,other,,P,education,P,education
easybio.in.th,10000,n,True,False,X25519,TLS 1.3,other,,X,other,X,other
docconzol.team.co.th,10000,n,True,False,P-384,TLS 1.2,other,,S,other,S,other
dbdregcom.dbd.go.th,10000,y,True,True,X25519MLKEM768,TLS 1.3,Imperva,,B,gov,B,gov
hris.tistr.or.th,10000,n,True,False,X25519,TLS 1.3,other,,S,gov,S,gov
tdc.thailis.or.th,5000,n,True,False,P-256,TLS 1.2,other,,N,education,N,education
new-elearning.pim.ac.th,5000,n,True,False,P-256,TLS 1.2,other,,S,education,S,education
swis.acs.ac.th,10000,n,True,True,X25519MLKEM768,TLS 1.3,Cloudflare,,N,education,P,education
smartdata.amnat-ed.go.th,10000,n,True,True,X25519MLKEM768,TLS 1.3,Cloudflare,,S,education,S,education
admission.reg.cmu.ac.th,10000,y,True,True,X25519MLKEM768,TLS 1.3,other,,P,education,P,education
reg.buu.ac.th,5000,y,True,False,X25519,TLS 1.2,other,,P,education,P,education
www.expedia.co.th,10000,n,True,True,X25519MLKEM768,TLS 1.3,Akamai,Akamai (edgekey),P,ecommerce,P,ecommerce
kyc.cloud.ais.th,5000,n,True,False,P-256,TLS 1.2,other,,I,telco,P,telco
itap.nacc.go.th,10000,n,True,True,X25519MLKEM768,TLS 1.3,Cloudflare,,S,gov,X,gov
www.finearts.go.th,10000,n,True,False,X25519,TLS 1.2,other,,N,gov,N,gov
saraban.rid.go.th,5000,n,True,False,X25519,TLS 1.3,other,,S,gov,S,gov
esaraban.vru.ac.th,5000,n,True,False,X25519,TLS 1.3,other,,S,education,S,education
www.tmd.go.th,1000,n,True,False,X25519,TLS 1.2,other,,N,gov,N,gov
ssolaas.dla.go.th,5000,n,True,True,X25519MLKEM768,TLS 1.3,Cloudflare,Cloudflare,S,gov,S,gov
eoffice.mahidol.ac.th,5000,y,True,False,X25519,TLS 1.3,other,Akamai (edgesuite),S,education,S,education
www.set.or.th,1000,n,True,True,X25519MLKEM768,TLS 1.3,Imperva,Imperva,N,finance-other,N,finance-other
eoffice-ops.moc.go.th,5000,n,True,False,X25519,TLS 1.2,other,,S,gov,S,gov
bank-crux-37,10000,y,True,True,X25519MLKEM768,TLS 1.3,Cloudflare,,X,bank,S,bank
www.bora.dopa.go.th,10000,y,True,False,X25519,TLS 1.3,other,,N,gov,N,gov
amss.nkpedu1.go.th,10000,n,True,True,X25519MLKEM768,TLS 1.3,Cloudflare,,S,education,S,education
reg.mju.ac.th,10000,n,True,False,X25519,TLS 1.3,other,,P,education,P,education
www.ago.go.th,10000,n,True,False,X25519,TLS 1.3,other,,N,gov,N,gov
scms.spu.ac.th,10000,n,True,False,P-384,TLS 1.2,other,,P,education,S,education
dlearning.spu.ac.th,10000,n,True,False,X25519,TLS 1.3,other,,S,education,S,education
apply.mwit.ac.th,5000,n,True,True,X25519MLKEM768,TLS 1.3,Cloudflare,,P,education,P,education
khanthep.in.th,5000,n,True,False,X25519,TLS 1.2,Cloudflare,,P,ecommerce,P,ecommerce
dpa-sso.otepc.go.th,10000,n,True,False,X25519,TLS 1.3,other,,S,gov,S,education
eoffice.parliament.go.th,10000,n,True,False,P-256,TLS 1.2,other,,S,gov,S,gov
correct.eoffice.go.th,10000,n,True,False,X25519,TLS 1.3,other,Cloudflare,S,gov,S,gov
addin.co.th,10000,n,True,True,X25519MLKEM768,TLS 1.3,Cloudflare,,P,ecommerce,P,ecommerce
s.shopee.co.th,1000,n,True,False,X25519,TLS 1.3,other,,P,ecommerce,P,ecommerce
moocs.tsu.ac.th,5000,n,True,False,X25519,TLS 1.3,other,,P,education,P,education
saraban.cmru.ac.th,5000,n,True,False,X25519,TLS 1.3,other,,S,education,S,education
op.nhso.go.th,10000,y,True,False,X25519,TLS 1.3,other,,I,gov,I,hospital
www.ttnplus.co.th,10000,n,True,False,X25519,TLS 1.3,other,,N,other,N,transport-logistics
onet.niets.or.th,5000,n,True,False,X25519,TLS 1.3,other,,P,education,P,education
www.hongpak.in.th,5000,n,True,True,X25519MLKEM768,TLS 1.3,Cloudflare,,N,other,P,other
wbsc.dusit.ac.th,10000,n,True,False,X25519,TLS 1.3,other,,X,education,S,education
smartarea.srb1.go.th,10000,n,True,True,X25519MLKEM768,TLS 1.3,Cloudflare,,S,education,S,education
agent.aia.co.th,5000,y,True,False,X25519,TLS 1.3,other,,S,insurance,S,insurance
wf3bb.triplet.co.th,10000,n,True,False,P-256,TLS 1.2,other,,S,telco,S,telco
e-waste.diw.go.th,10000,n,True,False,X25519,TLS 1.3,other,,B,gov,B,gov
package.true.th,1000,n,True,True,X25519MLKEM768,TLS 1.3,CloudFront,CloudFront,P,telco,P,telco
sso.kmutnb.ac.th,5000,n,True,True,X25519MLKEM768,TLS 1.3,other,,S,education,S,education
smr.pea.co.th,10000,y,True,True,X25519MLKEM768,TLS 1.3,CloudFront,CloudFront,X,gov,X,gov
www.lifelong.cmu.ac.th,10000,y,True,False,X25519,TLS 1.2,other,,N,education,N,education
eofficer.doe.go.th,5000,y,True,True,X25519MLKEM768,TLS 1.3,Cloudflare,Cloudflare,I,gov,I,gov
reg.kku.ac.th,5000,y,True,False,X25519,TLS 1.2,other,,P,education,P,education
www.dbd.go.th,5000,y,True,True,X25519MLKEM768,TLS 1.3,Imperva,,N,gov,N,gov
mpp.sbpac.go.th,10000,n,True,True,X25519MLKEM768,TLS 1.3,other,,X,gov,P,gov
emsportal-idems.niems.go.th,5000,n,True,False,X25519,TLS 1.3,other,,I,gov,I,hospital
b2beservice.bangchak.co.th,10000,n,True,False,P-384,TLS 1.2,other,,B,other,B,other
amssplus.nsw2.go.th,10000,n,True,False,P-256,TLS 1.2,other,,S,education,S,education
laas.dla.go.th,5000,n,True,True,X25519MLKEM768,TLS 1.3,Cloudflare,Cloudflare,S,gov,S,gov
www.tnews.co.th,5000,n,True,False,X25519,TLS 1.2,Cloudflare,,N,media,N,media
ppes.kmutnb.ac.th,5000,n,True,False,X25519,TLS 1.3,other,,S,education,S,education
eoffice.moac.go.th,10000,n,True,False,X25519,TLS 1.3,other,,S,gov,S,gov
aced.nacc.go.th,1000,n,True,True,X25519MLKEM768,TLS 1.3,Cloudflare,,X,gov,X,gov
alro-servicecenter.alro.go.th,10000,n,True,False,X25519,TLS 1.3,other,,P,gov,P,gov
www.amr.pea.co.th,10000,y,True,False,P-256,TLS 1.2,other,,S,gov,B,gov
pealife.pea.co.th,10000,y,True,True,X25519MLKEM768,TLS 1.3,CloudFront,CloudFront,S,gov,S,gov
saranukromthai.or.th,10000,n,True,True,X25519MLKEM768,TLS 1.3,Cloudflare,,N,education,N,education
tosm-portal.exe.in.th,10000,n,True,True,X25519MLKEM768,TLS 1.3,Cloudflare,,X,other,X,other
bank-crux-18,10000,y,True,False,P-256,TLS 1.2,other,,X,bank,X,bank
www.dsi.go.th,10000,y,True,True,X25519MLKEM768,TLS 1.3,Imperva,,N,gov,N,gov
book.busticket.in.th,10000,n,True,False,X25519,TLS 1.3,other,,P,transport-logistics,P,transport-logistics
col.tleasing.co.th,10000,n,True,True,X25519MLKEM768,TLS 1.3,Cloudflare,,S,finance-other,S,finance-other
erp2.sitemcorp.co.th,10000,n,True,False,X25519,TLS 1.2,Cloudflare,,S,other,S,other
www.studentloan.or.th,5000,y,True,False,X25519,TLS 1.3,other,,N,gov,N,finance-other
smartoffice.phitsanulok2.go.th,10000,n,True,True,X25519MLKEM768,TLS 1.3,Cloudflare,,S,education,S,education
ams.krungthai-axa.co.th,10000,y,True,True,X25519MLKEM768,TLS 1.3,other,Akamai (edgekey),S,insurance,S,insurance
efiling.dep.go.th,5000,n,True,False,X25519,TLS 1.3,other,,I,gov,I,gov
satda.tmd.go.th,5000,n,True,False,P-384,TLS 1.2,other,,X,gov,N,gov
skj-customer.mazda.co.th,10000,n,True,False,P-256,TLS 1.2,other,,P,other,P,other
gisweb1.pwa.co.th,10000,y,True,False,X25519,TLS 1.2,other,,N,gov,S,gov
www.humansoft.co.th,5000,n,True,False,X25519,TLS 1.3,other,,N,other,N,other
e-saraban.bangkok.go.th,1000,n,True,True,X25519MLKEM768,TLS 1.3,Cloudflare,Cloudflare,S,gov,S,gov
epp-ent.ieat.go.th,5000,n,True,False,X25519,TLS 1.3,other,,B,gov,B,gov
smart.amway.co.th,5000,n,True,True,X25519MLKEM768,TLS 1.3,CloudFront,CloudFront,S,ecommerce,B,ecommerce
e-report.dsd.go.th,5000,n,True,True,X25519MLKEM768,TLS 1.3,Imperva,,B,gov,S,gov
directpayment.cgd.go.th,5000,y,True,False,P-256,TLS 1.2,other,,P,gov,S,gov
newemove.dld.go.th,5000,n,True,False,P-256,TLS 1.2,other,,P,gov,B,gov
eprocurement.pea.co.th,10000,y,True,True,X25519MLKEM768,TLS 1.3,CloudFront,CloudFront,B,gov,B,gov
www.policenet.in.th,5000,n,True,False,X25519,TLS 1.3,other,,S,gov,S,gov
esaraban.koratpao.go.th,5000,n,True,True,X25519MLKEM768,TLS 1.3,Cloudflare,,S,gov,S,gov
rov.bu.ac.th,5000,n,True,False,X25519,TLS 1.3,other,,X,education,S,education
reserve.dlt.go.th,5000,y,True,False,P-256,TLS 1.2,other,,P,gov,P,gov
food.fda.moph.go.th,10000,y,True,False,X25519,TLS 1.3,other,,N,gov,N,gov
www.busonlineticket.co.th,5000,n,True,True,X25519MLKEM768,TLS 1.3,other-edge:Sucuri,,P,transport-logistics,P,transport-logistics
sso.opec.go.th,5000,n,True,False,X25519,TLS 1.3,other,,S,gov,I,education
shopeepay.co.th,10000,n,True,False,X25519,TLS 1.3,other,,N,finance-other,P,finance-other
imis.psru.ac.th,10000,n,True,False,P-256,TLS 1.2,other,,S,education,S,education
www2.reg.chula.ac.th,10000,n,True,False,X25519,TLS 1.2,other,,P,education,P,education
hoka.co.th,10000,n,True,True,X25519MLKEM768,TLS 1.3,Cloudflare,,P,ecommerce,P,ecommerce
bank-crux-05,1000,y,True,True,X25519MLKEM768,TLS 1.3,Imperva,,B,bank,N,bank
landsmaps.dol.go.th,1000,y,True,False,X25519,TLS 1.3,other,,N,gov,N,gov
cloud.workplus.co.th,10000,n,True,False,P-256,TLS 1.2,other,,S,other,S,other
academic.dusit.ac.th,10000,n,True,False,P-256,TLS 1.3,other,,P,education,S,education
di.sino.co.th,5000,n,True,False,P-256,TLS 1.2,other,,X,other,X,other
www.epson.co.th,10000,n,True,True,X25519MLKEM768,TLS 1.3,Imperva,,N,other,N,other
levi.co.th,10000,n,True,True,X25519MLKEM768,TLS 1.3,Cloudflare,,P,ecommerce,P,ecommerce
ilabplus.dmsc.moph.go.th,5000,y,True,False,X25519,TLS 1.2,other,,B,gov,I,hospital
eself.sso.go.th,10000,y,True,False,X25519,TLS 1.3,other,,P,gov,P,gov
www.pim.ac.th,10000,n,True,False,X25519,TLS 1.3,other,,N,education,N,education
tsid.bbtec.co.th,5000,n,True,False,X25519,TLS 1.3,other,,S,telco,S,telco
alro.eoffice.go.th,10000,n,True,True,X25519MLKEM768,TLS 1.3,Cloudflare,Cloudflare,S,gov,S,gov
smart.chaiyaphum3.go.th,10000,n,True,False,P-256,TLS 1.2,other,,S,education,S,education
hrtoday.tfg.co.th,10000,n,True,False,P-256,TLS 1.2,other,,S,other,S,other
stat.bora.dopa.go.th,10000,y,True,False,X25519,TLS 1.3,other,,N,gov,N,gov
cs.stou.ac.th,10000,n,True,True,X25519MLKEM768,TLS 1.3,Cloudflare,,X,education,X,education
eprotection.labour.go.th,10000,y,True,False,P-256,TLS 1.2,other,,B,gov,P,gov
creator.shopee.co.th,10000,n,True,False,X25519,TLS 1.3,other,,B,ecommerce,B,ecommerce
www.dlt.go.th,10000,y,True,False,X25519,TLS 1.2,other,,N,gov,N,gov
reg2.sut.ac.th,10000,n,True,False,P-384,TLS 1.2,other,,P,education,P,education
backend.connex.in.th,5000,n,True,True,X25519MLKEM768,TLS 1.3,Cloudflare,,X,other,S,other
reg4.sut.ac.th,10000,n,True,False,P-384,TLS 1.2,other,,P,education,P,education
swis.montfort.ac.th,10000,n,True,True,X25519MLKEM768,TLS 1.3,Cloudflare,,N,education,P,education
iam.nhso.go.th,5000,y,True,False,X25519,TLS 1.2,other,,S,gov,S,hospital
www.skechers.co.th,10000,n,True,True,X25519MLKEM768,TLS 1.3,Cloudflare,,P,ecommerce,P,ecommerce
e-dp.scgp.co.th,10000,n,True,True,X25519MLKEM768,TLS 1.3,Cloudflare,,B,other,S,other
vogue.co.th,10000,n,True,True,X25519MLKEM768,TLS 1.3,Cloudflare,,N,media,N,media
ddc.moph.go.th,10000,y,True,True,X25519MLKEM768,TLS 1.3,Cloudflare,,N,gov,N,gov
www.sony.co.th,10000,n,True,True,X25519MLKEM768,TLS 1.3,Akamai,Akamai (edgekey),N,other,N,other
authenservice.nhso.go.th,5000,y,True,False,X25519,TLS 1.2,other,,I,gov,I,hospital
shoponline.ondemand.in.th,10000,n,True,False,P-384,TLS 1.3,other,,P,education,P,education
bgcp-salesman.bigc.co.th,10000,n,True,False,X25519,TLS 1.3,other,,S,ecommerce,S,ecommerce
reg2.ubu.ac.th,10000,n,True,False,X25519,TLS 1.3,other,,P,education,P,education
amss.korat3.go.th,10000,n,True,True,X25519MLKEM768,TLS 1.3,Cloudflare,,S,education,S,education
amss.nst2.go.th,10000,n,True,False,P-256,TLS 1.2,other,,S,education,S,education
www.hardwarehouse.co.th,10000,n,True,False,X25519,TLS 1.3,other,,P,ecommerce,P,ecommerce
bank-crux-27,5000,y,True,True,X25519MLKEM768,TLS 1.3,Cloudflare,Cloudflare,N,bank,N,bank
www.auct.co.th,10000,n,True,True,X25519MLKEM768,TLS 1.3,Cloudflare,,P,other,P,ecommerce
eoffice.energy.go.th,10000,n,True,False,X25519,TLS 1.3,other,,S,gov,S,gov
muopenhouse.mahidol.ac.th,10000,y,True,False,X25519,TLS 1.3,other,Akamai (edgesuite),P,education,N,education
www.immigration.go.th,10000,y,True,True,X25519MLKEM768,TLS 1.3,Cloudflare,,N,gov,N,gov
www.easymoney.co.th,10000,n,True,True,X25519MLKEM768,TLS 1.3,Cloudflare,,N,finance-other,N,finance-other
www.reg.cmu.ac.th,10000,y,True,True,X25519MLKEM768,TLS 1.3,other,,P,education,P,education
www.si.mahidol.ac.th,5000,y,True,False,X25519,TLS 1.3,other,,N,hospital,N,hospital
www.lh.co.th,5000,n,True,True,X25519MLKEM768,TLS 1.3,Cloudflare,Cloudflare,N,other,N,other
apdsouth.fisheries.go.th,10000,n,True,True,X25519MLKEM768,TLS 1.3,other,,X,gov,X,gov
pvis.vec.go.th,10000,n,True,False,X25519,TLS 1.2,other,,I,education,I,education
mms.sso.go.th,10000,y,True,False,X25519,TLS 1.3,other,,I,gov,X,gov
myoffice2569.surat3.go.th,10000,n,True,False,X25519,TLS 1.2,other,,S,education,S,education
itsc2.rsu.ac.th,5000,n,True,False,X25519,TLS 1.3,other,,X,education,X,education
www.bu.ac.th,10000,n,True,False,X25519,TLS 1.3,other,,N,education,N,education
onetracksmart.onelink.co.th,10000,n,True,False,X25519,TLS 1.3,other,,X,transport-logistics,B,transport-logistics
misn.pbri.ac.th,10000,n,True,True,X25519MLKEM768,TLS 1.3,Cloudflare,,S,education,S,education
playserver.in.th,5000,n,True,True,X25519MLKEM768,TLS 1.3,Cloudflare,,N,other,P,other
www.student.co.th,10000,n,True,False,X25519,TLS 1.3,other,,I,education,P,education
www.transporter.ais.co.th,10000,n,True,False,X25519,TLS 1.2,other,,S,telco,S,telco
sprdd.fanghospital.go.th,10000,n,True,True,X25519MLKEM768,TLS 1.3,Cloudflare,,S,hospital,I,hospital
www.turbo.co.th,10000,n,True,False,X25519,TLS 1.3,other,,N,finance-other,N,finance-other
www.khonkaenram.com,10000,y,True,False,X25519,TLS 1.3,other,,N,hospital,N,hospital
infocenter.oic.go.th,10000,n,True,False,X25519,TLS 1.2,other,,N,gov,N,gov
www.decathlon.co.th,5000,n,True,True,X25519MLKEM768,TLS 1.3,Cloudflare,Cloudflare,P,ecommerce,P,ecommerce
smart.cr3.go.th,10000,n,True,False,X25519,TLS 1.3,other,,S,education,S,education
www.promise.co.th,5000,n,True,False,P-256,TLS 1.2,other,,N,finance-other,N,finance-other
kumooc.ku.th,10000,n,True,False,X25519,TLS 1.3,other,,P,education,P,education
www.dsd.go.th,10000,n,True,True,X25519MLKEM768,TLS 1.3,Imperva,,N,gov,N,gov
checkin.dmh.go.th,5000,y,True,False,P-256,TLS 1.2,other,,P,gov,P,hospital
arrest.dopa.go.th,10000,y,True,True,X25519MLKEM768,TLS 1.3,Imperva,,I,gov,I,gov
entry.wu.ac.th,10000,y,True,False,X25519,TLS 1.3,other,,P,education,P,education
efiling.led.go.th,5000,y,True,True,X25519MLKEM768,TLS 1.3,other,,P,gov,P,gov
toea.doe.go.th,5000,y,True,False,X25519,TLS 1.2,other,,X,gov,P,gov
www.jdsports.co.th,5000,n,True,True,X25519MLKEM768,TLS 1.3,Cloudflare,,P,ecommerce,P,ecommerce
elearning.nrru.ac.th,10000,n,True,False,X25519,TLS 1.2,other,,S,education,S,education
bank-crux-29,5000,y,True,True,X25519MLKEM768,TLS 1.3,Imperva,,N,bank,N,bank
mux.mahidol.ac.th,5000,y,True,False,X25519,TLS 1.3,other,Akamai (edgesuite),X,education,S,education
webtime.hatari.co.th,10000,n,True,True,X25519MLKEM768,TLS 1.3,Cloudflare,,S,other,S,other
smartarea.nongkhai2.go.th,10000,n,True,True,X25519MLKEM768,TLS 1.3,Cloudflare,,S,education,S,education
marineapp.md.go.th,10000,n,True,False,X25519,TLS 1.3,other,,X,gov,S,transport-logistics
amss.kkn5.go.th,10000,n,True,True,X25519MLKEM768,TLS 1.3,Cloudflare,,S,education,S,education
dictionary.orst.go.th,10000,n,True,False,X25519,TLS 1.3,other,,N,gov,N,gov
www.bb.go.th,10000,n,True,True,X25519MLKEM768,TLS 1.3,Cloudflare,Cloudflare,N,gov,N,gov
pages.lazada.co.th,1000,n,True,False,X25519,TLS 1.3,other,,N,ecommerce,P,ecommerce
core.bata.co.th,10000,n,True,False,P-256,TLS 1.2,other,,S,other,S,ecommerce
www.rd.go.th,1000,y,True,False,P-384,TLS 1.2,other,,N,gov,N,gov
www.dla.go.th,5000,n,True,False,X25519,TLS 1.3,other,,N,gov,N,gov
mdes.eoffice.go.th,10000,n,True,False,X25519,TLS 1.3,other,Cloudflare,S,gov,S,gov
services.tnmc.or.th,10000,n,True,False,X25519,TLS 1.2,other,,P,gov,P,gov
www.mitsubishi-motors.co.th,1000,n,True,True,X25519MLKEM768,TLS 1.3,Fastly,Fastly,N,other,N,other
www.psu.ac.th,10000,y,True,True,X25519MLKEM768,TLS 1.3,Cloudflare,Cloudflare,N,education,N,education
www.healthcare.aia.co.th,5000,y,True,True,X25519MLKEM768,TLS 1.3,Akamai,Akamai (edgekey),P,insurance,P,insurance
recruitment.rta.mi.th,10000,n,True,False,P-256,TLS 1.2,other,,P,gov,P,gov
lsso.dla.go.th,5000,n,True,False,X25519,TLS 1.3,other,,S,gov,S,gov
itas.nacc.go.th,10000,n,True,True,X25519MLKEM768,TLS 1.3,Cloudflare,,S,gov,B,gov
prod-api.nextcapital.co.th,10000,n,True,False,X25519,TLS 1.3,other,,P,finance-other,X,finance-other
c.lazada.co.th,5000,n,True,False,X25519,TLS 1.2,other,,X,ecommerce,P,ecommerce
saraban.fio.co.th,10000,n,True,False,X25519,TLS 1.3,other,,S,gov,S,gov
ptd.ago.go.th,5000,n,True,False,X25519,TLS 1.3,other,,I,gov,I,gov
v6gas.inspection.dlt.go.th,10000,y,True,False,X25519,TLS 1.3,other,,I,gov,S,transport-logistics
www.mercedes-benz.co.th,10000,n,True,True,X25519MLKEM768,TLS 1.3,Akamai,Akamai (edgekey),N,other,N,other
postbase.thailandpost.co.th,10000,y,True,True,X25519MLKEM768,TLS 1.3,other,Akamai (edgekey),N,transport-logistics,N,transport-logistics
webportal.bangkok.go.th,5000,n,True,True,X25519MLKEM768,TLS 1.3,Cloudflare,Cloudflare,S,gov,S,gov
smartoffice.ska1.go.th,10000,n,True,False,X25519,TLS 1.2,other,,S,education,S,education
phc-learning.hss.moph.go.th,10000,y,True,False,X25519,TLS 1.3,other,,S,gov,S,hospital
www.bnn.in.th,1000,n,True,True,X25519MLKEM768,TLS 1.3,CloudFront,,P,ecommerce,P,ecommerce
mooc.psu.ac.th,5000,y,True,False,X25519,TLS 1.3,other,,P,education,P,education
bank-crux-15,5000,y,True,True,X25519MLKEM768,TLS 1.3,CloudFront,CloudFront,P,bank,P,bank
apps.learn.thaimooc.ac.th,5000,n,True,True,X25519MLKEM768,TLS 1.3,Cloudflare,,P,education,P,education
claimweb.bangkokinsurance.com,10000,y,True,True,X25519MLKEM768,TLS 1.3,Imperva,,B,insurance,I,insurance
mi-test.obec.go.th,10000,y,True,False,X25519,TLS 1.3,other,,I,education,P,education
proms.truecorp.co.th,10000,n,True,True,X25519MLKEM768,TLS 1.3,Cloudflare,Cloudflare,S,telco,X,telco
heroobeccare.obec.go.th,1000,y,True,False,X25519,TLS 1.3,other,,I,education,I,education
lhr.dla.go.th,5000,n,True,False,X25519,TLS 1.3,other,,S,gov,S,gov
saraban.otep.go.th,5000,n,True,False,X25519,TLS 1.3,other,,S,gov,S,gov
ess.bigc.co.th,5000,n,True,False,X25519,TLS 1.3,other,,S,ecommerce,S,ecommerce
hronline.tungthanasin.co.th,10000,n,True,True,X25519MLKEM768,TLS 1.3,Cloudflare,,S,other,S,other
s2.bwlogistics.co.th,10000,n,True,False,X25519,TLS 1.3,other,,X,transport-logistics,S,transport-logistics
sunrise.co.th,10000,n,True,True,X25519MLKEM768,TLS 1.3,Cloudflare,,B,ecommerce,B,ecommerce
ssonext.kku.ac.th,10000,y,True,False,X25519,TLS 1.3,other,,S,education,S,education
login.kfc.co.th,5000,n,True,True,X25519MLKEM768,TLS 1.3,other,Akamai (edgekey),P,ecommerce,P,ecommerce
supreme.swu.ac.th,5000,y,True,False,P-256,TLS 1.2,other,,X,education,S,education
rnmps.ww.co.th,5000,n,True,False,X25519,TLS 1.2,other,,S,telco,S,telco
bank-crux-17,10000,y,True,False,P-384,TLS 1.3,other,,X,bank,S,bank
3doctor.hss.moph.go.th,10000,y,True,False,P-256,TLS 1.2,other,,P,gov,I,hospital
drug.nhso.go.th,5000,y,True,False,P-256,TLS 1.2,other,,I,gov,I,hospital
reg.lru.ac.th,10000,n,True,False,X25519,TLS 1.2,other,,P,education,P,education
identity.the1.co.th,5000,n,True,False,X25519,TLS 1.3,other,,P,ecommerce,P,ecommerce
anyregis.nbtc.go.th,10000,y,True,False,P-256,TLS 1.2,other,,P,gov,P,gov
shoponline.mrdiy.co.th,10000,n,True,True,X25519MLKEM768,TLS 1.3,CloudFront,CloudFront,P,ecommerce,P,ecommerce
register-welfare.mof.go.th,1000,y,True,False,X25519,TLS 1.3,other,,P,gov,P,gov
www.tyreplus.co.th,10000,n,True,False,X25519,TLS 1.3,other,,N,other,N,other
pfs.opec.go.th,10000,n,True,False,P-256,TLS 1.2,other,,I,gov,I,education
dlt-drivingschool.dlt.go.th,1000,y,True,False,X25519,TLS 1.3,other,,I,gov,I,transport-logistics
www.lottery.co.th,10000,n,True,True,X25519MLKEM768,TLS 1.3,Cloudflare,,N,media,P,other
www.bts.co.th,5000,n,True,False,P-384,TLS 1.2,other,,N,transport-logistics,N,transport-logistics
login.ticketmaster.co.th,10000,n,True,True,X25519MLKEM768,TLS 1.3,CloudFront,,P,ecommerce,P,ecommerce
www.autosoftware.co.th,10000,n,True,True,X25519MLKEM768,TLS 1.3,Cloudflare,,N,other,N,other
www.rev.co.th,10000,n,True,True,X25519MLKEM768,TLS 1.3,Cloudflare,,P,ecommerce,P,ecommerce
elearning.ra.mahidol.ac.th,10000,y,True,False,X25519,TLS 1.3,other,Akamai (edgesuite),N,hospital,N,hospital
regis3.opec.go.th,5000,n,True,False,P-256,TLS 1.3,other,,I,gov,I,education
logbook.tpmap.in.th,10000,n,True,False,X25519,TLS 1.3,other,,I,gov,I,gov
tcl99web.transport.co.th,10000,n,True,False,X25519,TLS 1.3,other,,P,transport-logistics,S,transport-logistics
spx.co.th,1000,n,True,False,X25519,TLS 1.3,other,,N,transport-logistics,N,transport-logistics
eclaim2.blueventuregroup.co.th,1000,n,True,False,X25519,TLS 1.3,other,,I,insurance,I,insurance
esaraban.mod.go.th,5000,n,True,False,X25519,TLS 1.3,other,,S,gov,S,gov
amss.aya1.go.th,10000,n,True,False,X25519,TLS 1.2,other,,S,education,S,education
sinfo.kmutt.ac.th,5000,n,True,False,X25519,TLS 1.3,other,,P,education,S,education
bank-crux-28,10000,y,True,False,X25519,TLS 1.3,other,,N,bank,N,bank
e-tracking.customs.go.th,5000,y,True,False,P-256,TLS 1.2,other,,X,gov,P,gov
program.sesaorb.go.th,10000,n,True,True,X25519MLKEM768,TLS 1.3,Cloudflare,,S,education,X,education
info.dla.go.th,10000,n,True,False,X25519,TLS 1.3,other,,S,gov,S,gov
reg.tni.ac.th,10000,n,True,True,X25519MLKEM768,TLS 1.3,Imperva,,P,education,P,education
order.srikrungbroker.co.th,5000,n,True,False,P-256,TLS 1.2,other,,B,insurance,S,insurance
rb-2.go.th,10000,n,True,False,X25519,TLS 1.3,other,,X,gov,N,education
eservice.dlt.go.th,5000,y,True,False,X25519,TLS 1.3,other,,P,gov,P,transport-logistics
nisit.co.th,10000,n,True,False,X25519,TLS 1.3,other,,X,other,N,education
services.saveone.co.th,5000,n,True,False,P-256,TLS 1.2,other,,X,other,X,other
www.7eleven.co.th,5000,n,True,True,X25519MLKEM768,TLS 1.3,CloudFront,CloudFront,N,ecommerce,N,ecommerce
ebiz.dbd.go.th,5000,y,True,True,X25519MLKEM768,TLS 1.3,Imperva,,B,gov,B,gov
webapp.calcomp.co.th,5000,n,True,False,X25519,TLS 1.3,other,Akamai (edgesuite),S,other,S,other
govwelfare.cgd.go.th,10000,y,True,True,X25519MLKEM768,TLS 1.3,Cloudflare,,P,gov,P,gov
www.dohome.co.th,5000,n,True,False,P-384,TLS 1.3,other,,P,ecommerce,P,ecommerce
tcas.in.th,5000,n,True,False,X25519,TLS 1.3,other,,N,education,N,education
www.qualityexpress.co.th,10000,n,True,False,X25519,TLS 1.3,other,,N,other,N,transport-logistics
www.tcc.or.th,10000,n,True,True,X25519MLKEM768,TLS 1.3,Cloudflare,,N,gov,N,gov
myoffice2569.brm1.go.th,10000,n,True,True,X25519MLKEM768,TLS 1.3,other,,S,education,S,education
www.reg.kmitl.ac.th,5000,n,True,False,X25519,TLS 1.2,other,,P,education,P,education
www.hoteljob.in.th,10000,n,True,True,X25519MLKEM768,TLS 1.3,Cloudflare,,P,other,P,other
www.demononline.in.th,10000,n,True,False,P-256,TLS 1.2,other,,P,other,P,other
m-learning.ru.ac.th,5000,n,True,True,X25519MLKEM768,TLS 1.3,other,,S,education,P,education
e-office-amss.cmarea3.go.th,10000,n,True,False,X25519,TLS 1.3,other,,S,education,S,education
www.yellowpages.co.th,5000,n,True,True,X25519MLKEM768,TLS 1.3,Imperva,,B,other,B,other
apply.pcshs.ac.th,5000,n,True,True,X25519MLKEM768,TLS 1.3,Cloudflare,,P,education,P,education
www.diw.go.th,10000,n,True,True,X25519MLKEM768,TLS 1.3,Imperva,,N,gov,N,gov
amss.ednan1.go.th,10000,n,True,False,P-256,TLS 1.2,other,,S,education,S,education
vsinter.rd.go.th,10000,y,True,False,P-384,TLS 1.2,other,,B,gov,B,gov
bgcsps.bigc.co.th,10000,n,True,True,X25519MLKEM768,TLS 1.3,Cloudflare,Cloudflare,B,ecommerce,B,ecommerce
www.ku.ac.th,10000,n,True,False,X25519,TLS 1.3,other,,N,education,N,education
lms.ubu.ac.th,10000,n,True,False,X25519,TLS 1.3,other,,S,education,S,education
search.ipthailand.go.th,10000,n,True,True,X25519MLKEM768,TLS 1.3,Imperva,,N,gov,N,gov
bank-crux-34,10000,y,True,False,P-256,TLS 1.2,other,,X,bank,X,bank
sssph.siamsmile.co.th,5000,n,True,False,P-256,TLS 1.2,other,,S,insurance,S,insurance
is.formulastore.in.th,5000,n,True,False,X25519,TLS 1.3,other,,S,other,S,ecommerce
dpa-req.otepc.go.th,10000,n,True,False,X25519,TLS 1.3,other,,S,gov,S,education
oreg3.rmutt.ac.th,5000,n,True,False,X25519,TLS 1.2,other,,P,education,P,education
aispoints.ais.th,5000,n,True,False,P-256,TLS 1.2,other,Cloudflare,P,telco,P,telco
e-training.tpqi.go.th,5000,n,True,False,X25519,TLS 1.3,other,,P,gov,P,education
www.skyscanner.co.th,1000,n,True,True,X25519MLKEM768,TLS 1.3,CloudFront,,N,ecommerce,N,transport-logistics
idp.mahidol.ac.th,10000,y,True,False,X25519,TLS 1.3,other,,S,education,S,education
pacc.eoffice.go.th,10000,n,True,False,X25519,TLS 1.3,other,Cloudflare,S,gov,S,gov
chat.irc.in.th,10000,n,True,True,X25519MLKEM768,TLS 1.3,Cloudflare,,N,other,P,media
www.rama.mahidol.ac.th,5000,y,True,False,X25519,TLS 1.3,other,,N,hospital,N,hospital
e-office.rlpd.go.th,10000,n,True,False,X25519,TLS 1.3,other,Cloudflare,S,gov,S,gov
home.sia.co.th,10000,n,True,False,X25519,TLS 1.3,other,,N,other,N,ecommerce
webmis.tqm.co.th,5000,n,True,False,P-256,TLS 1.2,other,,S,insurance,S,insurance
e-sis.e-tech.ac.th,5000,n,True,False,P-384,TLS 1.2,other,,P,education,S,education
www.mea.or.th,10000,y,True,False,P-256,TLS 1.2,other,,N,gov,N,gov
portal.nhso.go.th,5000,y,True,False,X25519,TLS 1.3,other,,I,gov,I,hospital
berthongsuk.in.th,10000,n,True,True,X25519MLKEM768,TLS 1.3,Cloudflare,,N,other,N,other
checkout.lianlianpay.co.th,10000,n,True,False,P-256,TLS 1.2,other,,P,finance-other,P,finance-other
admission.msu.ac.th,10000,n,True,True,X25519MLKEM768,TLS 1.3,Cloudflare,Cloudflare,P,education,P,education
account.truevisions.co.th,5000,n,True,False,X25519,TLS 1.3,other,,P,telco,P,telco
gcc.go.th,10000,n,True,False,X25519,TLS 1.3,other,,N,gov,N,gov
slfregis.studentloan.or.th,5000,y,True,True,X25519MLKEM768,TLS 1.3,Cloudflare,,P,gov,P,finance-other
edu.mju.ac.th,10000,n,True,False,X25519,TLS 1.3,other,,X,education,X,education
erp.mju.ac.th,5000,n,True,False,X25519,TLS 1.3,other,,S,education,S,education
www.infoquest.co.th,10000,n,True,True,X25519MLKEM768,TLS 1.3,Cloudflare,,N,media,N,media
www.pwa.co.th,10000,y,True,False,X25519,TLS 1.3,other,,N,gov,N,gov
lec.dla.go.th,10000,n,True,False,X25519,TLS 1.3,other,,I,gov,S,education
register.atc.chula.ac.th,10000,n,True,False,P-256,TLS 1.2,other,,P,education,P,education
medicina.fda.moph.go.th,10000,y,True,False,X25519,TLS 1.2,other,,X,gov,X,gov
edbr.dbd.go.th,5000,y,True,True,X25519MLKEM768,TLS 1.3,Imperva,,B,gov,B,gov
rms.tatc.ac.th,10000,n,True,False,P-256,TLS 1.2,other,,S,education,S,education
nriis.go.th,10000,n,True,True,X25519MLKEM768,TLS 1.3,Cloudflare,,S,gov,B,gov
topclinic.in.th,10000,n,True,True,X25519MLKEM768,TLS 1.3,Cloudflare,,N,other,N,hospital
e-saraban.moi.go.th,10000,n,True,True,X25519MLKEM768,TLS 1.3,other,,S,gov,S,gov
mhesi.eoffice.go.th,10000,n,True,False,X25519,TLS 1.3,other,Cloudflare,S,gov,S,gov
lex.th,5000,n,True,False,X25519,TLS 1.2,other,,N,other,N,transport-logistics
officer.thaipoliceonline.go.th,10000,n,True,True,X25519MLKEM768,TLS 1.3,Cloudflare,,I,gov,S,gov
www.topnews.co.th,10000,n,True,True,X25519MLKEM768,TLS 1.3,Cloudflare,,N,media,N,media
hrms.otepc.go.th,10000,n,True,False,X25519,TLS 1.2,other,,S,gov,S,education
ratchakitcha.soc.go.th,10000,n,True,True,X25519MLKEM768,TLS 1.3,Cloudflare,,N,gov,N,gov
webapp.student.co.th,5000,n,True,False,X25519,TLS 1.3,other,,I,education,P,education
eoffice.mbu.ac.th,10000,n,True,False,X25519,TLS 1.3,other,,S,education,S,education
tdac.immigration.go.th,10000,y,True,True,X25519MLKEM768,TLS 1.3,Cloudflare,,P,gov,P,gov
xn--72c5abh2bf8icw0m9d.doe.go.th,10000,y,True,False,X25519,TLS 1.2,other,,P,gov,P,gov
www.tops.co.th,5000,n,True,True,X25519MLKEM768,TLS 1.3,Cloudflare,Cloudflare,P,ecommerce,P,ecommerce
healthcare.krungthai-axa.co.th,5000,y,True,True,X25519MLKEM768,TLS 1.3,other,Akamai (edgekey),I,insurance,P,insurance
wzzo.truecorp.co.th,10000,n,True,True,X25519MLKEM768,TLS 1.3,Cloudflare,Cloudflare,X,telco,X,telco
www.fazwaz.co.th,10000,n,True,True,X25519MLKEM768,TLS 1.3,Cloudflare,,N,other,P,other
alro.go.th,10000,n,True,True,X25519MLKEM768,TLS 1.3,Imperva,,N,gov,N,gov
datawarehouse.dbd.go.th,5000,y,True,True,X25519MLKEM768,TLS 1.3,Imperva,Imperva,N,gov,N,gov
www.led.go.th,5000,y,True,False,P-256,TLS 1.2,other,,N,gov,N,gov
bis.rid.go.th,10000,n,True,False,X25519,TLS 1.2,other,,S,gov,S,gov
smart.nb1.go.th,10000,n,True,True,X25519MLKEM768,TLS 1.3,Cloudflare,,S,education,S,education
www.amoney.co.th,10000,n,True,False,X25519,TLS 1.3,other,,N,finance-other,N,finance-other
digital.car.chula.ac.th,10000,n,True,True,X25519MLKEM768,TLS 1.3,Cloudflare,,N,education,N,education
e-certify.dld.go.th,5000,n,True,False,X25519,TLS 1.3,other,,B,gov,B,gov
imauth.bora.dopa.go.th,1000,y,True,False,X25519,TLS 1.3,other,,S,gov,P,gov
bank-crux-26,1000,y,True,False,P-256,TLS 1.2,other,,B,bank,B,bank
www.aeon.co.th,5000,n,True,True,X25519MLKEM768,TLS 1.3,Cloudflare,,P,finance-other,P,finance-other
erp3.elife.co.th,10000,n,True,False,X25519,TLS 1.3,other,,S,other,S,other
epod.central.co.th,5000,n,True,False,X25519,TLS 1.3,other,,S,ecommerce,I,transport-logistics
aipass.go.th,5000,n,True,False,X25519,TLS 1.3,other,,P,gov,P,gov
www.nhso.go.th,5000,y,True,False,X25519,TLS 1.3,other,,N,gov,N,hospital
rps-sev.gif.or.th,10000,n,True,False,X25519,TLS 1.3,other,,P,insurance,P,finance-other
www.ktc.co.th,5000,n,True,True,X25519MLKEM768,TLS 1.3,Imperva,,N,finance-other,N,finance-other
www.coway.co.th,5000,n,True,True,X25519MLKEM768,TLS 1.3,other,,N,other,P,ecommerce
www.sys.oop.cmu.ac.th,10000,y,True,False,X25519,TLS 1.3,other,,S,education,S,education
e-learning.itcity.co.th,10000,n,True,False,P-384,TLS 1.3,other,,X,other,S,ecommerce
ddc.eoffice.go.th,10000,n,True,False,X25519,TLS 1.3,other,Cloudflare,S,gov,S,gov
www.mpay.co.th,5000,n,True,True,X25519MLKEM768,TLS 1.3,Imperva,,X,telco,N,finance-other
cs8.chi.or.th,10000,n,True,False,P-256,TLS 1.2,other,,I,gov,I,hospital
whtsvs.rd.go.th,10000,y,True,False,P-256,TLS 1.2,other,,B,gov,P,gov
vpn.mittare.com,10000,y,True,False,P-256,TLS 1.2,other,,S,other,S,insurance
kengdai.co.th,5000,n,True,False,P-256,TLS 1.2,other,,X,other,X,other
dd.samsunglife.co.th,10000,y,True,False,X25519,TLS 1.3,other,,S,insurance,S,insurance
offdsc.kph.go.th,10000,n,True,True,X25519MLKEM768,TLS 1.3,Cloudflare,,X,gov,N,hospital
lms.crma.ac.th,10000,n,True,True,X25519MLKEM768,TLS 1.3,other,,S,education,S,education
edoc.ubu.ac.th,10000,n,True,False,X25519,TLS 1.3,other,,S,education,S,education
dticket.railway.co.th,5000,n,True,False,P-256,TLS 1.2,other,,P,transport-logistics,P,transport-logistics
eoffice.moj.go.th,10000,n,True,False,X25519,TLS 1.3,other,,S,gov,S,gov
gecanvas.kku.ac.th,10000,y,True,False,X25519,TLS 1.3,other,,S,education,S,education
learningportal.ocsc.go.th,5000,n,True,True,X25519MLKEM768,TLS 1.3,Cloudflare,,S,gov,S,gov
kmutnb.ac.th,10000,n,True,False,X25519,TLS 1.2,other,,N,education,N,education
reg.npru.ac.th,10000,n,True,False,P-256,TLS 1.2,other,,P,education,P,education
www.psschool.in.th,5000,n,True,False,P-256,TLS 1.2,other,,I,education,N,education
proj14.ipst.ac.th,5000,n,True,False,X25519,TLS 1.2,other,,N,education,N,education
compasia.co.th,10000,n,True,True,X25519MLKEM768,TLS 1.3,CloudFront,,P,ecommerce,P,ecommerce
xn--b3ca1bbk9asbbl3b5b8u8afg2dye.dbd.go.th,5000,y,True,True,X25519MLKEM768,TLS 1.3,Imperva,,B,gov,N,gov
trading.maybank.co.th,10000,n,True,True,X25519MLKEM768,TLS 1.3,Imperva,,P,finance-other,P,finance-other
iservice.true.th,5000,n,True,True,X25519MLKEM768,TLS 1.3,Cloudflare,Cloudflare,N,telco,P,telco
www.railway.co.th,1000,n,True,False,X25519,TLS 1.3,other,,N,transport-logistics,N,transport-logistics
www.residences.in.th,10000,n,True,True,X25519MLKEM768,TLS 1.3,Cloudflare,,N,other,P,other
translate.google.co.th,1000,n,True,True,X25519MLKEM768,TLS 1.3,other,,N,other,N,other
affiliate.shopee.co.th,5000,n,True,False,X25519,TLS 1.3,other,,B,ecommerce,B,ecommerce
ppim.pea.co.th,10000,y,True,False,X25519,TLS 1.3,other,,B,gov,B,gov
m.ais.co.th,1000,n,True,False,P-256,TLS 1.2,other,,N,telco,N,telco
btsmail.bts.co.th,5000,n,True,False,X25519,TLS 1.2,other,,S,transport-logistics,S,transport-logistics
checkgon.go.th,5000,n,True,True,X25519MLKEM768,TLS 1.3,Cloudflare,,N,gov,N,gov
th.yanhee.net,10000,y,True,False,P-256,TLS 1.2,other,,N,hospital,N,hospital
weather.tmd.go.th,1000,n,True,False,X25519,TLS 1.3,other,,N,gov,N,gov
ticket.harborland.co.th,10000,n,True,False,P-384,TLS 1.2,other,,P,ecommerce,P,ecommerce
noalcohol.ddc.moph.go.th,5000,y,True,False,X25519,TLS 1.3,other,,P,gov,P,gov
exam.cmu.ac.th,10000,y,True,False,P-256,TLS 1.2,other,,S,education,S,education
dve.vec.go.th,5000,n,True,False,X25519,TLS 1.3,other,,I,education,I,education
gecc.dlt.go.th,5000,y,True,False,P-256,TLS 1.2,other,,P,gov,P,transport-logistics
regweb.mcu.ac.th,5000,n,True,False,P-384,TLS 1.2,other,,P,education,P,education
bank-crux-20,10000,n,True,True,X25519MLKEM768,TLS 1.3,Imperva,,X,bank,B,bank
ttsmaster.railway.co.th,5000,n,True,False,P-384,TLS 1.2,other,,S,transport-logistics,S,transport-logistics
apps.itd.co.th,10000,n,True,False,X25519,TLS 1.3,other,,S,other,S,other
sarabun.sk1edu.go.th,10000,n,True,True,X25519MLKEM768,TLS 1.3,Cloudflare,,S,education,S,education
saraban.egov.go.th,5000,n,True,True,X25519MLKEM768,TLS 1.3,Cloudflare,,S,gov,S,gov
services.eastspring.co.th,10000,n,True,True,X25519MLKEM768,TLS 1.3,Imperva,,P,finance-other,P,finance-other
gypstore.co.th,10000,n,True,False,X25519,TLS 1.3,other,,P,ecommerce,B,ecommerce
eclaim3.blueventuregroup.co.th,1000,n,True,False,X25519,TLS 1.3,other,,I,insurance,I,insurance
eclaim.nhso.go.th,5000,y,True,False,P-256,TLS 1.2,other,,I,gov,I,hospital
www.zontes.co.th,5000,n,True,False,X25519,TLS 1.3,other,,N,other,N,other
moph.id.th,10000,n,True,False,X25519,TLS 1.2,other,Cloudflare,S,gov,P,hospital
iccs-reg.iccs.ac.th,10000,n,True,False,P-384,TLS 1.3,other,,P,education,P,education
www.supersports.co.th,1000,n,True,True,X25519MLKEM768,TLS 1.3,Cloudflare,,P,ecommerce,P,ecommerce
www.glo.or.th,1000,y,True,False,X25519,TLS 1.3,other,,N,gov,N,gov
webapp.generali.co.th,10000,y,True,True,X25519MLKEM768,TLS 1.3,Imperva,,X,insurance,X,insurance
www.vachiraphuket.go.th,10000,y,True,False,X25519,TLS 1.3,other,,N,hospital,N,hospital
swe-expert.boi.go.th,5000,n,True,False,X25519,TLS 1.3,other,,B,gov,P,gov
reg.up.ac.th,5000,n,True,True,X25519MLKEM768,TLS 1.3,other,,P,education,P,education
www.pea.co.th,10000,y,True,True,X25519MLKEM768,TLS 1.3,CloudFront,CloudFront,N,gov,N,gov
www.mini.co.th,5000,n,True,True,X25519MLKEM768,TLS 1.3,Akamai,Akamai (edgekey),N,other,N,other
www.yamaha-motor.co.th,5000,n,True,False,X25519,TLS 1.3,other,,N,other,N,other
24social.in.th,5000,n,True,False,X25519,TLS 1.2,other,,P,ecommerce,P,ecommerce
truevisions.co.th,5000,n,True,True,X25519MLKEM768,TLS 1.3,CloudFront,,N,telco,P,media
orasis.crru.ac.th,10000,n,True,False,X25519,TLS 1.3,other,,X,education,S,education
eoffice.doa.go.th,5000,n,True,False,X25519,TLS 1.3,other,,S,gov,S,gov
www.kmutt.ac.th,10000,n,True,False,X25519,TLS 1.3,other,,N,education,N,education
www.binance.th,5000,n,True,True,X25519MLKEM768,TLS 1.3,CloudFront,CloudFront,P,finance-other,P,finance-other
appdb.tisi.go.th,10000,n,True,False,P-256,TLS 1.2,other,,X,gov,B,gov
cs10.chi.or.th,10000,n,True,False,X25519,TLS 1.3,other,,I,gov,I,hospital
www.ru.ac.th,10000,n,True,False,P-256,TLS 1.2,other,,N,education,N,education
hdc.moph.go.th,10000,y,True,False,X25519,TLS 1.3,other,,N,gov,I,hospital
armymis-sp5.rta.mi.th,10000,n,True,False,X25519,TLS 1.3,other,,S,gov,S,gov
bank-crux-04,1000,y,True,True,X25519MLKEM768,TLS 1.3,Imperva,,N,bank,N,bank
e-budget.jobobec.in.th,5000,n,True,True,X25519MLKEM768,TLS 1.3,Cloudflare,,S,education,S,education
nonhr.moph.go.th,10000,y,True,True,X25519MLKEM768,TLS 1.3,Cloudflare,Cloudflare,S,gov,S,hospital
e-office.bde.go.th,10000,n,True,False,X25519,TLS 1.3,other,,S,gov,S,gov
www.customs.go.th,10000,y,True,False,X25519,TLS 1.2,other,,N,gov,N,gov
www.suzuki.co.th,5000,n,True,True,X25519MLKEM768,TLS 1.3,Cloudflare,,N,other,N,other
www.lazlogistics.in.th,5000,n,True,False,X25519,TLS 1.2,other,,S,transport-logistics,S,transport-logistics
eoffice.ago.go.th,5000,n,True,False,X25519,TLS 1.3,other,,S,gov,S,gov
ddchpackage.dtac.co.th,5000,n,True,False,P-256,TLS 1.2,other,,X,telco,P,telco
service.skplus.co.th,5000,n,True,False,X25519,TLS 1.3,other,,S,insurance,S,insurance
agency-rpt.gfmis.go.th,5000,n,True,False,X25519,TLS 1.3,other,,S,gov,S,gov
insx.pea.co.th,5000,y,True,True,X25519MLKEM768,TLS 1.3,CloudFront,CloudFront,P,gov,P,gov
www.lifeif.or.th,10000,n,True,False,X25519,TLS 1.3,other,,N,insurance,N,insurance
vagencyweb02.viriyah.co.th,5000,y,True,True,X25519MLKEM768,TLS 1.3,Imperva,,S,insurance,S,insurance
iel.co.th,10000,n,True,False,X25519,TLS 1.3,other,,N,transport-logistics,N,transport-logistics
www.business-idea.co.th,10000,n,True,False,P-256,TLS 1.2,other,,N,transport-logistics,N,transport-logistics
saraban.dot.go.th,10000,n,True,False,X25519,TLS 1.3,other,,S,gov,S,gov
app.me2plus.co.th,10000,n,True,True,X25519MLKEM768,TLS 1.3,Cloudflare,,N,ecommerce,B,ecommerce
nids.thaihonda.co.th,5000,n,True,True,X25519MLKEM768,TLS 1.3,Imperva,,B,other,B,other
www.roojai.com,5000,y,True,True,X25519MLKEM768,TLS 1.3,other,Akamai (edgekey),P,insurance,P,insurance
obec.eef.or.th,1000,n,True,False,X25519,TLS 1.3,other,,I,education,I,education
spm.pwa.co.th,10000,y,True,False,X25519,TLS 1.3,other,,S,gov,S,gov
alimentum.fda.moph.go.th,10000,y,True,False,X25519,TLS 1.2,other,,X,gov,X,gov
dmama.pwa.co.th,10000,y,True,False,X25519,TLS 1.2,other,,S,gov,X,gov
www.allianz.co.th,10000,n,True,True,X25519MLKEM768,TLS 1.3,Cloudflare,Cloudflare,N,insurance,N,insurance
netsat.kku.ac.th,10000,y,True,False,X25519,TLS 1.3,other,,P,education,P,education
elab.cpe.ku.ac.th,10000,n,True,False,X25519,TLS 1.3,other,,S,education,S,education
www.spu.ac.th,10000,n,True,False,X25519,TLS 1.3,other,,N,education,N,education
hpls.skl.co.th,5000,n,True,False,X25519,TLS 1.3,other,,S,other,S,other
siteaccess.truecorp.co.th,5000,n,True,True,X25519MLKEM768,TLS 1.3,Cloudflare,Cloudflare,S,telco,S,telco
mooc.pim.ac.th,10000,n,True,False,P-256,TLS 1.2,other,,P,education,P,education
ssrudlp.ssru.ac.th,5000,n,True,False,X25519,TLS 1.3,other,,S,education,S,education
caper.sks.go.th,5000,n,True,True,X25519MLKEM768,TLS 1.3,Cloudflare,,X,gov,S,education
my.ku.th,5000,n,True,False,X25519,TLS 1.3,other,,P,education,S,education
elms.dlt.go.th,5000,y,True,False,X25519,TLS 1.3,other,,P,gov,P,transport-logistics
lostandfound.airportthai.co.th,10000,n,True,False,X25519,TLS 1.3,other,,X,transport-logistics,P,transport-logistics
www.fiber.3bb.co.th,10000,n,True,True,X25519MLKEM768,TLS 1.3,Cloudflare,Cloudflare,N,telco,N,telco
saraban.ldd.go.th,5000,n,True,True,X25519MLKEM768,TLS 1.3,Imperva,,S,gov,S,gov
www.nissan.co.th,5000,n,True,True,X25519MLKEM768,TLS 1.3,CloudFront,CloudFront,N,other,P,other
www.bangkokinsurance.com,5000,y,True,True,X25519MLKEM768,TLS 1.3,Imperva,,N,insurance,N,insurance
www.erawancenter.bangkok.go.th,5000,n,True,False,X25519,TLS 1.3,other,,I,gov,I,hospital
www.royaloffice.th,10000,n,True,True,X25519MLKEM768,TLS 1.3,Cloudflare,,N,gov,N,gov
sso.thaimooc.ac.th,10000,n,True,True,X25519MLKEM768,TLS 1.3,Cloudflare,,P,education,P,education
creativehealthcampaign.thaihealth.or.th,5000,n,True,False,P-256,TLS 1.2,other,,N,gov,N,hospital
www.lazada.co.th,1000,n,True,False,X25519,TLS 1.3,other,,P,ecommerce,P,ecommerce
reg.chandra.ac.th,10000,n,True,False,X25519,TLS 1.2,other,,P,education,P,education
mcpswis.mcp.ac.th,5000,n,True,True,X25519MLKEM768,TLS 1.3,Cloudflare,,N,education,P,education
process5.gprocurement.go.th,1000,n,True,False,P-256,TLS 1.2,other,,B,gov,B,gov
www.kpp2.go.th,10000,n,True,False,X25519,TLS 1.3,other,,N,education,N,education
cct.eef.or.th,5000,n,True,False,X25519,TLS 1.3,other,,I,education,I,education
www.stou.ac.th,1000,n,True,True,X25519MLKEM768,TLS 1.3,Cloudflare,,N,education,N,education
welfare.mof.go.th,1000,y,True,False,X25519,TLS 1.3,other,,P,gov,P,gov
ips.qpm.co.th,5000,n,True,False,P-256,TLS 1.2,other,,X,other,X,other
www.ramafoundation.or.th,10000,n,True,True,X25519MLKEM768,TLS 1.3,Cloudflare,,N,other,N,hospital
efarmer.doae.go.th,5000,n,True,True,X25519MLKEM768,TLS 1.3,other,,P,gov,P,gov
dms.appleauction.co.th,10000,n,True,True,X25519MLKEM768,TLS 1.3,Cloudflare,,B,other,S,ecommerce
idphrconnect.cpall.co.th,5000,n,True,False,P-256,TLS 1.3,other,,S,other,S,ecommerce
propertyscout.co.th,10000,n,True,True,X25519MLKEM768,TLS 1.3,Cloudflare,,N,other,P,other
ns2.kksec.go.th,10000,n,True,False,X25519,TLS 1.3,other,,X,gov,X,education
mail.workd.go.th,10000,n,True,True,X25519MLKEM768,TLS 1.3,Cloudflare,,S,gov,S,gov
www.forest.go.th,10000,n,True,True,X25519MLKEM768,TLS 1.3,Cloudflare,,N,gov,S,gov
www.sp2.go.th,10000,n,True,False,P-256,TLS 1.2,other,,N,education,N,education
vmdrug.co.th,10000,n,True,True,X25519MLKEM768,TLS 1.3,Cloudflare,,B,ecommerce,B,ecommerce
mobiletu.triplet.co.th,5000,n,True,False,P-256,TLS 1.2,other,,S,telco,S,telco
bank-crux-21,5000,y,True,True,X25519MLKEM768,TLS 1.3,Imperva,,X,bank,B,bank
kfc.qsa.co.th,10000,n,True,False,X25519,TLS 1.3,other,,S,other,S,ecommerce
fdh.moph.go.th,10000,y,True,True,X25519MLKEM768,TLS 1.3,Cloudflare,Cloudflare,I,gov,I,hospital
gold2go.intergold.co.th,10000,n,True,True,X25519MLKEM768,TLS 1.3,Cloudflare,,P,finance-other,P,finance-other
nso.eoffice.go.th,5000,n,True,False,X25519,TLS 1.3,other,Cloudflare,S,gov,S,gov
armymis.rta.mi.th,5000,n,True,False,X25519,TLS 1.3,other,,S,gov,S,gov
amss.cme2.go.th,10000,n,True,False,X25519,TLS 1.3,other,,S,education,S,education
3bbpingtest.triplet.co.th,5000,n,True,False,P-256,TLS 1.2,other,,N,telco,N,telco
gpstmc.dlt.go.th,5000,y,True,False,X25519,TLS 1.3,other,,B,gov,B,transport-logistics
apply.rmutt.ac.th,10000,n,True,False,X25519,TLS 1.3,other,,P,education,P,education
myoffice.atg.go.th,10000,n,True,False,X25519,TLS 1.3,other,,S,education,S,education
eoffice.bsru.ac.th,10000,n,True,False,X25519,TLS 1.3,other,,S,education,S,education
bmatax.bangkok.go.th,10000,n,True,False,P-256,TLS 1.2,other,,P,gov,P,gov
www.itemmania.in.th,5000,n,True,False,P-256,TLS 1.2,other,,P,ecommerce,P,ecommerce
ebill.ais.co.th,10000,n,True,False,P-384,TLS 1.2,other,,P,telco,P,telco
lifeif.or.th,10000,n,True,False,X25519,TLS 1.3,other,,N,insurance,N,insurance
www.zhulian.in.th,5000,n,True,False,X25519,TLS 1.3,other,,S,other,P,ecommerce
efiling3.coj.go.th,10000,y,True,False,P-256,TLS 1.3,other,,P,gov,P,gov
edoc.dopa.go.th,10000,y,True,True,X25519MLKEM768,TLS 1.3,Imperva,,S,gov,S,gov
taekwondo.or.th,10000,n,True,True,X25519MLKEM768,TLS 1.3,Cloudflare,,P,other,P,other
vbs.truevisions.co.th,10000,n,True,True,X25519MLKEM768,TLS 1.3,CloudFront,CloudFront,X,telco,B,telco
www.powerbuy.co.th,5000,n,True,True,X25519MLKEM768,TLS 1.3,Cloudflare,Cloudflare,P,ecommerce,P,ecommerce
www.opsmoac.go.th,10000,n,True,False,X25519,TLS 1.3,other,,N,gov,N,gov
www.garena.co.th,10000,n,True,False,P-384,TLS 1.2,other,,N,other,P,other
www.bigcamera.co.th,10000,n,True,False,X25519,TLS 1.3,other,,P,ecommerce,P,ecommerce
djop.eoffice.go.th,5000,n,True,False,X25519,TLS 1.3,other,Cloudflare,S,gov,S,gov
swis.act.ac.th,10000,n,True,True,X25519MLKEM768,TLS 1.3,Cloudflare,,N,education,P,education
welfare.dla.go.th,10000,n,True,False,X25519,TLS 1.2,other,,I,gov,I,gov
tvl.safety.co.th,10000,n,True,True,X25519MLKEM768,TLS 1.3,Imperva,,S,insurance,S,insurance
gateway.truecorp.co.th,5000,n,True,False,P-256,TLS 1.2,other,Cloudflare,X,telco,X,telco
ltax.dla.go.th,1000,n,True,False,P-256,TLS 1.2,other,,I,gov,I,gov
process3.gprocurement.go.th,1000,n,True,False,P-256,TLS 1.2,other,,B,gov,B,gov
www.ais.th,1000,n,True,True,X25519MLKEM768,TLS 1.3,Cloudflare,Cloudflare,N,telco,N,telco
www.bot.or.th,5000,y,True,True,X25519MLKEM768,TLS 1.3,Akamai,Akamai (edgekey),N,gov,N,bank
www.adidas.co.th,5000,n,True,True,X25519MLKEM768,TLS 1.3,Akamai,Akamai (edgekey),P,ecommerce,P,ecommerce
www.mkmedical.in.th,5000,n,True,False,X25519,TLS 1.3,other,,B,ecommerce,B,ecommerce
www.allonline.7eleven.co.th,5000,n,True,True,X25519MLKEM768,TLS 1.3,CloudFront,CloudFront,P,ecommerce,P,ecommerce
digitalipd.spr.go.th,5000,y,True,False,X25519,TLS 1.3,other,,S,hospital,I,hospital
e-manage.rmutto.ac.th,10000,n,True,False,X25519,TLS 1.2,other,,S,education,S,education
nursenotes.med.nu.ac.th,5000,y,True,False,X25519,TLS 1.3,other,,S,hospital,I,hospital
hr.moph.go.th,10000,y,True,True,X25519MLKEM768,TLS 1.3,Cloudflare,Cloudflare,S,gov,S,hospital
agency-wol.gfmis.go.th,10000,n,True,False,X25519,TLS 1.3,other,,S,gov,S,gov
bank-crux-23,5000,y,True,True,X25519MLKEM768,TLS 1.3,CloudFront,CloudFront,P,bank,P,bank
tpacare.thirdpartyadmin.co.th,5000,n,True,False,X25519,TLS 1.3,other,,I,insurance,I,insurance
bank-crux-38,10000,y,True,False,P-256,TLS 1.2,other,,P,bank,P,bank
admission.swu.ac.th,10000,y,True,False,P-256,TLS 1.2,other,,P,education,P,education
unl-navpage.7app.7eleven.co.th,5000,n,True,True,X25519MLKEM768,TLS 1.3,CloudFront,CloudFront,P,ecommerce,P,ecommerce
www.dailynews.co.th,1000,n,True,True,X25519MLKEM768,TLS 1.3,Cloudflare,,N,media,N,media
hris-v11.nok.co.th,10000,n,True,False,X25519,TLS 1.3,other,,S,transport-logistics,S,transport-logistics
farmer.doae.go.th,1000,n,True,True,X25519MLKEM768,TLS 1.3,other,,I,gov,P,gov
dealer.thaihonda.co.th,5000,n,True,True,X25519MLKEM768,TLS 1.3,Imperva,,B,other,B,other
www.niets.or.th,5000,n,True,False,X25519,TLS 1.3,other,,N,education,N,education
allprocess.cpall.co.th,10000,n,True,True,X25519MLKEM768,TLS 1.3,CloudFront,CloudFront,S,other,S,ecommerce
www.matichon.co.th,1000,n,True,True,X25519MLKEM768,TLS 1.3,Cloudflare,,N,media,N,media
www.thaipoliceonline.go.th,10000,n,True,True,X25519MLKEM768,TLS 1.3,Cloudflare,,P,gov,P,gov
www.posn.or.th,5000,n,True,False,X25519,TLS 1.3,other,,N,education,N,education
www.twinkl.co.th,10000,n,True,True,X25519MLKEM768,TLS 1.3,Imperva,Imperva,P,education,P,education
hdmall.co.th,5000,n,True,True,X25519MLKEM768,TLS 1.3,Cloudflare,,P,ecommerce,P,hospital
slfpre-approve.studentloan.or.th,5000,y,True,True,X25519MLKEM768,TLS 1.3,Cloudflare,,P,gov,P,finance-other
bank-crux-16,10000,y,True,False,P-256,TLS 1.2,other,,B,bank,P,bank
school.nacc.go.th,10000,n,True,True,X25519MLKEM768,TLS 1.3,Cloudflare,,X,gov,X,gov
hrms.wu.ac.th,10000,y,True,False,X25519,TLS 1.3,other,,S,education,S,education
www.central.co.th,5000,n,True,True,X25519MLKEM768,TLS 1.3,Cloudflare,Cloudflare,P,ecommerce,P,ecommerce
myoffice.srn3.go.th,10000,n,True,True,X25519MLKEM768,TLS 1.3,Cloudflare,,S,education,S,education
bank-crux-14,1000,y,True,True,X25519MLKEM768,TLS 1.3,CloudFront,CloudFront,X,bank,N,bank
saraban.hss.moph.go.th,10000,y,True,False,X25519,TLS 1.2,other,,S,gov,S,hospital
qmixchana.qmix.co.th,10000,n,True,False,P-256,TLS 1.2,other,,S,other,S,other
roc.gnjoy.in.th,10000,n,True,True,X25519MLKEM768,TLS 1.3,Cloudflare,,P,other,P,other
www.khaosod.co.th,1000,n,True,True,X25519MLKEM768,TLS 1.3,Cloudflare,,N,media,N,media
redeem.fconline.garena.in.th,10000,n,True,False,X25519,TLS 1.3,other,,P,other,P,other
fmis-front.railway.co.th,10000,n,True,False,X25519,TLS 1.3,other,,S,transport-logistics,S,transport-logistics
e-phytoofficial.doa.go.th,5000,n,True,False,X25519,TLS 1.2,other,,S,gov,S,gov
smartisolution.cpf.co.th,5000,n,True,True,X25519MLKEM768,TLS 1.3,Cloudflare,Cloudflare,S,other,S,other
akaorder.zengroup.co.th,10000,n,True,True,X25519MLKEM768,TLS 1.3,CloudFront,CloudFront,S,other,P,ecommerce
amway.co.th,5000,n,True,True,X25519MLKEM768,TLS 1.3,CloudFront,,P,ecommerce,P,ecommerce
ticketmaster.co.th,5000,n,True,True,X25519MLKEM768,TLS 1.3,Fastly,,P,ecommerce,P,ecommerce
citydata.traffy.in.th,5000,n,True,False,X25519,TLS 1.3,other,,N,gov,N,gov
sasukoonchai.anamai.moph.go.th,10000,y,True,False,X25519,TLS 1.2,other,,N,gov,N,hospital
smart1662.pwa.co.th,10000,y,True,False,X25519,TLS 1.3,other,,S,gov,S,gov
csgcheck.dcy.go.th,10000,n,True,False,X25519,TLS 1.3,other,,P,gov,P,gov
www.kstsystem.co.th,10000,n,True,True,X25519MLKEM768,TLS 1.3,other,,P,ecommerce,P,ecommerce
eworkpermit.doe.go.th,1000,y,True,True,X25519MLKEM768,TLS 1.3,Cloudflare,Cloudflare,P,gov,P,gov
hotel.otep.go.th,10000,n,True,False,X25519,TLS 1.3,other,,P,gov,P,other
www.bumrungrad.com,10000,y,True,True,X25519MLKEM768,TLS 1.3,Cloudflare,Cloudflare,N,hospital,N,hospital
workd.go.th,5000,n,True,True,X25519MLKEM768,TLS 1.3,Cloudflare,,S,gov,S,gov
www.gogoprint.co.th,10000,n,True,True,X25519MLKEM768,TLS 1.3,Cloudflare,,P,ecommerce,P,ecommerce
edentu.sso.go.th,5000,y,True,False,X25519,TLS 1.3,other,,I,gov,I,hospital
shelfie.cjmore.co.th,10000,n,True,True,X25519MLKEM768,TLS 1.3,Cloudflare,,S,ecommerce,S,ecommerce
ipst-pisatest.ipst.ac.th,5000,n,True,False,X25519,TLS 1.2,other,,P,education,P,education
swis.sl.ac.th,10000,n,True,True,X25519MLKEM768,TLS 1.3,Cloudflare,,N,education,P,education
sellercenter.lazada.co.th,1000,n,True,False,X25519,TLS 1.2,other,,B,ecommerce,B,ecommerce
bank-crux-36,5000,y,True,False,P-256,TLS 1.2,other,,X,bank,B,bank
www.tsn.ac.th,10000,n,True,False,X25519,TLS 1.3,other,,N,education,N,education
register.pwa.co.th,5000,y,True,False,X25519,TLS 1.2,other,,P,gov,P,gov
ro.gnjoy.in.th,10000,n,True,True,X25519MLKEM768,TLS 1.3,Cloudflare,,P,other,P,other
esarabunops.mot.go.th,10000,n,True,False,X25519,TLS 1.3,other,,S,gov,S,gov
pvrs.vec.go.th,5000,n,True,False,X25519,TLS 1.2,other,,I,education,I,education
web-app.bora.dopa.go.th,5000,y,True,False,X25519,TLS 1.3,other,,I,gov,S,gov
otop2.cdd.go.th,10000,n,True,False,X25519,TLS 1.3,other,,B,gov,B,gov
ledwebsite.led.go.th,5000,y,True,False,P-256,TLS 1.3,other,,N,gov,X,gov
centralfoodwholesale.co.th,10000,n,True,True,X25519MLKEM768,TLS 1.3,Cloudflare,,B,ecommerce,B,ecommerce
iguitarmusic.co.th,10000,n,True,False,X25519,TLS 1.2,other,,P,ecommerce,P,ecommerce
reg.nrru.ac.th,5000,n,True,False,P-384,TLS 1.2,other,,P,education,P,education
eoffice.treasury.go.th,5000,n,True,False,P-256,TLS 1.2,other,,S,gov,S,gov
waste.dla.go.th,10000,n,True,False,X25519,TLS 1.3,other,,S,gov,B,gov
app.dtac.co.th,10000,n,True,True,X25519MLKEM768,TLS 1.3,CloudFront,CloudFront,P,telco,P,telco
graduate.mahidol.ac.th,5000,y,True,False,P-256,TLS 1.2,other,,N,education,N,education
lms.psu.ac.th,1000,y,True,False,X25519,TLS 1.3,other,,S,education,S,education
my.lazada.co.th,5000,n,True,False,X25519,TLS 1.2,other,,P,ecommerce,P,ecommerce
efiling.rd.go.th,5000,y,True,False,P-384,TLS 1.2,other,,P,gov,P,gov
reg.sru.ac.th,5000,n,True,False,P-256,TLS 1.2,other,,P,education,P,education
www.motorist.co.th,10000,n,True,True,X25519MLKEM768,TLS 1.3,Cloudflare,,P,ecommerce,P,other
checkmd.tmc.or.th,10000,n,True,True,X25519MLKEM768,TLS 1.3,Cloudflare,,N,gov,N,hospital
lms.audit.go.th,5000,n,True,False,P-384,TLS 1.3,other,,S,gov,S,gov
instore.bnn.in.th,10000,n,True,True,X25519MLKEM768,TLS 1.3,Cloudflare,,N,ecommerce,S,ecommerce
sru.ac.th,10000,n,True,True,X25519MLKEM768,TLS 1.3,other,,N,education,N,education
dss.deves.co.th,10000,y,True,True,X25519MLKEM768,TLS 1.3,Imperva,Imperva,S,insurance,S,insurance
recipe.ajinomoto.co.th,10000,n,True,True,X25519MLKEM768,TLS 1.3,Cloudflare,,N,other,N,other
onlinewebadt2.oic.or.th,10000,y,True,True,X25519MLKEM768,TLS 1.3,Imperva,,X,gov,I,insurance
www.best-inc.co.th,10000,n,True,False,P-256,TLS 1.2,other,,N,transport-logistics,N,transport-logistics
loan.fsmartcapital.co.th,10000,n,True,False,X25519,TLS 1.3,other,,S,finance-other,S,finance-other
www.kayak.co.th,10000,n,True,True,X25519MLKEM768,TLS 1.3,Fastly,Fastly,N,ecommerce,N,transport-logistics
amss.surat2.go.th,10000,n,True,False,X25519,TLS 1.2,other,,S,education,S,education
foodhandler.anamai.moph.go.th,10000,y,True,False,X25519,TLS 1.2,other,,P,gov,P,gov
regis.opec.go.th,5000,n,True,False,P-256,TLS 1.3,other,,I,gov,I,education
science.buu.ac.th,10000,y,True,False,X25519,TLS 1.3,other,,N,education,N,education
www.jtexpress.co.th,1000,n,True,False,X25519,TLS 1.3,other,,N,transport-logistics,N,transport-logistics
salehere.co.th,5000,n,True,True,X25519MLKEM768,TLS 1.3,Cloudflare,,P,ecommerce,N,media
process4.gprocurement.go.th,10000,n,True,False,P-256,TLS 1.2,other,,B,gov,B,gov
webapp5.icc.co.th,10000,n,True,False,P-256,TLS 1.2,other,,S,other,S,other
alrolandonline.alro.go.th,10000,n,True,True,X25519MLKEM768,TLS 1.3,Imperva,,P,gov,P,gov
saraban.nesdc.go.th,10000,n,True,False,X25519,TLS 1.2,other,,S,gov,S,gov
outback.co.th,5000,n,True,False,X25519,TLS 1.3,other,,X,other,X,other
vsurveyor.viriyah.co.th,10000,y,True,False,P-256,TLS 1.2,other,,S,insurance,S,insurance
tm30.immigration.go.th,5000,y,True,True,X25519MLKEM768,TLS 1.3,Cloudflare,,I,gov,P,gov
www.truevisions.co.th,5000,n,True,True,X25519MLKEM768,TLS 1.3,CloudFront,,N,telco,P,media
www.doh.go.th,10000,n,True,False,X25519,TLS 1.3,other,,N,gov,N,gov
service.co.th,10000,n,True,False,X25519,TLS 1.3,other,,X,other,X,other
hpap.ttbleasing.co.th,5000,n,True,True,X25519MLKEM768,TLS 1.3,Cloudflare,,B,finance-other,S,finance-other
shopee.co.th,1000,n,True,False,X25519,TLS 1.3,other,,P,ecommerce,P,ecommerce
cosmetica.fda.moph.go.th,5000,y,True,False,X25519,TLS 1.2,other,,B,gov,X,gov
connect.egov.go.th,1000,n,True,True,X25519MLKEM768,TLS 1.3,CloudFront,CloudFront,P,gov,P,gov
bank-crux-09,10000,y,True,False,P-256,TLS 1.2,other,,B,bank,B,bank
www.itax.in.th,10000,n,True,True,X25519MLKEM768,TLS 1.3,CloudFront,,N,finance-other,P,finance-other
lims.dld.go.th,5000,n,True,False,P-256,TLS 1.2,other,,S,gov,S,gov
ebiz.chubbinsured.co.th,5000,n,True,True,X25519MLKEM768,TLS 1.3,other,Akamai (edgekey),X,insurance,B,insurance
smart.ubn1.go.th,10000,n,True,False,X25519,TLS 1.3,other,,S,education,S,education
agentsk.srikrungbroker.co.th,10000,n,True,False,P-256,TLS 1.2,other,,S,insurance,S,insurance
agency.allianz.co.th,5000,n,True,True,X25519MLKEM768,TLS 1.3,other,Akamai (edgekey),S,insurance,S,insurance
wsa.dsl.studentloan.or.th,5000,y,True,False,P-256,TLS 1.2,other,,P,gov,P,finance-other
bank-crux-25,5000,y,True,True,X25519MLKEM768,TLS 1.3,other,Akamai (edgekey),X,bank,X,insurance
smartpos.aurora.co.th,10000,n,True,False,P-384,TLS 1.2,other,,S,ecommerce,S,ecommerce
wcfp.sso.go.th,10000,y,True,False,X25519,TLS 1.3,other,,B,gov,P,gov
www.bangkokhospital.com,5000,y,True,True,X25519MLKEM768,TLS 1.3,Cloudflare,,N,hospital,N,hospital
report-ppsf.doae.go.th,10000,n,True,False,X25519,TLS 1.3,other,,S,gov,S,gov
transport.dit.go.th,10000,n,True,True,X25519MLKEM768,TLS 1.3,Cloudflare,,B,gov,B,gov
goedu.kmitl.ac.th,10000,n,True,True,X25519MLKEM768,TLS 1.3,other,,P,education,P,education
bank-crux-35,10000,y,True,False,P-256,TLS 1.2,other,,N,bank,N,bank
tsmthai.dlt.go.th,10000,y,True,False,X25519,TLS 1.3,other,,B,gov,P,transport-logistics
ttsview.railway.co.th,1000,n,True,False,P-384,TLS 1.2,other,,N,transport-logistics,N,transport-logistics
eclaim8.blueventuregroup.co.th,5000,n,True,False,X25519,TLS 1.2,other,,I,insurance,I,insurance
dsdw.eoffice.go.th,5000,n,True,False,X25519,TLS 1.3,other,,S,gov,S,gov
bank-crux-11,5000,y,True,True,X25519MLKEM768,TLS 1.3,Imperva,,X,bank,P,hospital
jms.jtexpress.co.th,10000,n,True,False,X25519,TLS 1.3,other,,S,transport-logistics,S,transport-logistics
thaipoliceonline.go.th,5000,n,True,True,X25519MLKEM768,TLS 1.3,Cloudflare,,P,gov,P,gov
eservice.ic.or.th,10000,n,True,False,X25519,TLS 1.3,other,,X,gov,X,other
www.vibhavadi.com,10000,y,True,True,X25519MLKEM768,TLS 1.3,Cloudflare,,N,hospital,N,hospital
stapp.bigc.co.th,5000,n,True,True,X25519MLKEM768,TLS 1.3,Cloudflare,Cloudflare,S,ecommerce,S,ecommerce
ids.ais.co.th,10000,n,True,False,X25519,TLS 1.3,other,,S,telco,S,telco
sarabun.opm.go.th,10000,n,True,False,X25519,TLS 1.3,other,,S,gov,S,gov
apps.flexspacelms.ssru.ac.th,10000,n,True,False,X25519,TLS 1.3,other,,S,education,S,education
learnerdata.dole.go.th,10000,n,True,False,X25519,TLS 1.3,other,,I,gov,I,education
report.dopa.go.th,10000,y,True,False,P-256,TLS 1.2,other,,X,gov,S,gov
digital-id.ais.th,10000,n,True,False,P-256,TLS 1.2,other,,P,telco,P,telco
www.bigc.co.th,5000,n,True,True,X25519MLKEM768,TLS 1.3,Cloudflare,Cloudflare,P,ecommerce,P,ecommerce
www.chubb.com,10000,y,True,True,X25519MLKEM768,TLS 1.3,Akamai,Akamai (edgekey),N,insurance,N,insurance
hrmapp.cjlogistics.co.th,5000,n,True,True,X25519MLKEM768,TLS 1.3,Cloudflare,,S,transport-logistics,S,transport-logistics
www.sawad.co.th,5000,n,True,False,X25519,TLS 1.3,other,,N,finance-other,N,finance-other
digital-id.triplet.co.th,10000,n,True,False,P-256,TLS 1.2,other,,P,telco,P,telco
www.flashexpress.co.th,1000,n,True,False,X25519,TLS 1.3,other,,N,transport-logistics,N,transport-logistics
etrainingtdi.bangkok.go.th,10000,n,True,True,X25519MLKEM768,TLS 1.3,Cloudflare,Cloudflare,S,gov,S,gov
e-learning.dga.or.th,5000,y,True,False,P-384,TLS 1.3,other,,S,gov,S,gov
officework.co.th,10000,n,True,False,P-256,TLS 1.2,other,,P,ecommerce,B,ecommerce
student.netsat.kku.ac.th,10000,y,True,False,X25519,TLS 1.3,other,,P,education,P,education
sales-report.homepro.co.th,5000,n,True,False,X25519,TLS 1.3,other,,S,ecommerce,S,ecommerce
live.thethaibar.or.th,10000,n,True,False,X25519,TLS 1.3,other,,P,education,P,education
seamlessfordmis.nhso.go.th,10000,y,True,False,X25519,TLS 1.3,other,,I,gov,I,hospital
bank-crux-22,10000,y,True,True,X25519MLKEM768,TLS 1.3,Imperva,,X,bank,S,bank
rdmeter.pwa.co.th,10000,y,True,False,X25519,TLS 1.3,other,,S,gov,S,gov
hrops.moph.go.th,5000,y,True,True,X25519MLKEM768,TLS 1.3,Cloudflare,Cloudflare,S,gov,S,hospital
saraban-elibrary.rta.mi.th,5000,n,True,True,X25519MLKEM768,TLS 1.3,other,,S,gov,S,gov
eemsweb.pea.co.th,5000,y,True,False,X25519,TLS 1.3,other,,S,gov,S,gov
multi.dopa.go.th,5000,y,True,True,X25519MLKEM768,TLS 1.3,Imperva,,X,gov,X,gov
notify.ais.co.th,10000,n,True,False,X25519,TLS 1.3,other,,P,telco,P,telco
saraban.amlo.go.th,10000,n,True,False,X25519,TLS 1.3,other,,S,gov,S,gov
www.google.co.th,1000,n,True,True,X25519MLKEM768,TLS 1.3,other,,N,other,N,other
vsmart-mso.m-society.go.th,5000,n,True,False,X25519,TLS 1.3,other,,S,gov,I,gov
e-service.port.co.th,10000,n,True,False,P-256,TLS 1.2,other,,B,transport-logistics,B,transport-logistics
epp-ieat.ieat.go.th,10000,n,True,False,X25519,TLS 1.3,other,,N,gov,N,gov
gdcatalog.go.th,10000,n,True,False,X25519,TLS 1.3,other,,N,gov,N,gov
www.impact.co.th,10000,n,True,False,X25519,TLS 1.3,other,,N,other,N,other
e-phytoexporter.doa.go.th,5000,n,True,False,X25519,TLS 1.2,other,,B,gov,B,gov
www.thailife.com,5000,y,True,True,X25519MLKEM768,TLS 1.3,Imperva,,N,insurance,N,insurance
member-thaieasypass.exat.co.th,10000,n,True,False,P-256,TLS 1.2,other,,P,transport-logistics,P,transport-logistics
www.gprocurement.go.th,1000,n,True,False,X25519,TLS 1.3,other,,N,gov,B,gov
www.toyota.co.th,1000,n,True,True,X25519MLKEM768,TLS 1.3,CloudFront,Cloudflare,N,other,N,other
e-office.rmutl.ac.th,5000,n,True,False,X25519,TLS 1.2,other,,S,education,S,education
login-process5.gprocurement.go.th,10000,n,True,False,P-256,TLS 1.2,other,,N,gov,N,gov
edoc.railway.co.th,10000,n,True,False,P-384,TLS 1.2,other,,S,transport-logistics,S,transport-logistics
www.smig.co.th,10000,n,True,True,X25519MLKEM768,TLS 1.3,Cloudflare,,X,other,N,insurance
itrading.bualuang.co.th,5000,n,True,False,P-256,TLS 1.2,other,,P,finance-other,P,finance-other
www.jib.co.th,1000,n,True,True,X25519MLKEM768,TLS 1.3,Cloudflare,,P,ecommerce,P,ecommerce
online.krirk.ac.th,5000,n,True,False,X25519,TLS 1.3,other,,S,education,S,education
admission.su.ac.th,10000,n,True,False,X25519,TLS 1.3,other,,P,education,P,education
www.bathandbodyworks.co.th,10000,n,True,False,X25519,TLS 1.2,Cloudflare,Cloudflare,P,ecommerce,P,ecommerce
online.hutchisonports.co.th,5000,n,True,True,X25519MLKEM768,TLS 1.3,Cloudflare,,B,transport-logistics,B,transport-logistics
intranet.pim.ac.th,5000,n,True,False,X25519,TLS 1.3,other,,S,education,S,education
www.true.th,1000,n,True,True,X25519MLKEM768,TLS 1.3,CloudFront,CloudFront,N,telco,N,telco
store-cms.vdm.cpall.co.th,10000,n,True,True,X25519MLKEM768,TLS 1.3,CloudFront,CloudFront,S,other,S,ecommerce
mso.eoffice.go.th,10000,n,True,False,X25519,TLS 1.3,other,,S,gov,S,gov
c7.sk3.go.th,10000,n,True,True,X25519MLKEM768,TLS 1.3,Cloudflare,,X,education,X,education
www.chula.ac.th,10000,n,True,True,X25519MLKEM768,TLS 1.3,Imperva,,N,education,N,education
elearning.set.or.th,5000,n,True,False,X25519,TLS 1.2,other,,P,finance-other,P,finance-other
help.shopee.co.th,5000,n,True,False,X25519,TLS 1.3,other,,N,ecommerce,N,ecommerce
www.ofm.co.th,5000,n,True,False,X25519,TLS 1.3,other,,P,ecommerce,B,ecommerce
ondemand.ru.ac.th,5000,n,True,True,X25519MLKEM768,TLS 1.3,other,,S,education,P,education
reg5.sut.ac.th,10000,n,True,False,P-384,TLS 1.2,other,,P,education,P,education
app.shopeepay.co.th,10000,n,True,False,X25519,TLS 1.3,other,,P,finance-other,P,finance-other
crocs.co.th,10000,n,True,True,X25519MLKEM768,TLS 1.3,Cloudflare,,P,ecommerce,P,ecommerce
www.nitori.co.th,5000,n,True,True,X25519MLKEM768,TLS 1.3,Cloudflare,,P,ecommerce,P,ecommerce
armymis-sp3.rta.mi.th,5000,n,True,False,X25519,TLS 1.3,other,,S,gov,S,gov
www.newbalance.co.th,10000,n,True,True,X25519MLKEM768,TLS 1.3,Fastly,Fastly,P,ecommerce,P,ecommerce
saraban.fisheries.go.th,5000,n,True,False,X25519,TLS 1.3,other,,S,gov,S,gov
assessprice.treasury.go.th,10000,n,True,False,P-256,TLS 1.2,other,,N,gov,N,gov
amss.pattani1.go.th,10000,n,True,True,X25519MLKEM768,TLS 1.3,Cloudflare,,S,education,S,education
www.interhome.co.th,10000,n,True,False,P-256,TLS 1.2,other,,N,other,P,other
s.lazada.co.th,10000,n,True,False,X25519,TLS 1.2,other,,P,ecommerce,P,ecommerce
anan-hosp.go.th,10000,n,True,False,X25519,TLS 1.3,other,,N,hospital,N,hospital
dms3.yamaha-motor.co.th,5000,n,True,False,X25519,TLS 1.3,other,,B,other,B,other
www.kkzone1.go.th,10000,n,True,True,X25519MLKEM768,TLS 1.3,Cloudflare,,X,education,N,education
www.thairath.co.th,1000,n,True,True,X25519MLKEM768,TLS 1.3,CloudFront,,N,media,N,media
www.wacoal.co.th,5000,n,True,True,X25519MLKEM768,TLS 1.3,Cloudflare,,P,ecommerce,P,ecommerce
sarabun.kmutnb.ac.th,10000,n,True,False,X25519,TLS 1.3,other,,S,education,S,education
idpeself.sso.go.th,5000,y,True,False,X25519,TLS 1.3,other,,P,gov,P,gov
patplms.panyapiwat.ac.th,10000,n,True,False,X25519,TLS 1.3,other,,S,education,S,education
medeva.fda.moph.go.th,10000,y,True,False,X25519,TLS 1.2,other,,X,gov,X,gov
healthsurvey.thaihealth.or.th,10000,n,True,True,X25519MLKEM768,TLS 1.3,Cloudflare,,P,gov,P,hospital
mooc.chula.ac.th,10000,n,True,False,X25519,TLS 1.3,other,,P,education,P,education
www.renthub.in.th,1000,n,True,True,X25519MLKEM768,TLS 1.3,other-edge:Bunny,,P,other,P,other
misweb.chonburi.spu.ac.th,10000,n,True,False,X25519,TLS 1.3,other,,S,education,S,education
crd.go.th,5000,n,True,False,P-256,TLS 1.2,other,,N,gov,N,gov
sasom.co.th,10000,n,True,True,X25519MLKEM768,TLS 1.3,other,,P,ecommerce,P,ecommerce
regis2.opec.go.th,5000,n,True,False,P-256,TLS 1.3,other,,I,gov,I,education
dmis.nhso.go.th,1000,y,True,False,X25519,TLS 1.3,other,,I,gov,I,hospital
eoffice.pcd.go.th,10000,n,True,False,X25519,TLS 1.3,other,,S,gov,S,gov
www.ford.co.th,10000,n,True,True,X25519MLKEM768,TLS 1.3,Akamai,Akamai (edgekey),N,other,N,other
www.doe.go.th,5000,y,True,False,X25519,TLS 1.2,other,,N,gov,N,gov
propertyhub.in.th,1000,n,True,False,X25519,TLS 1.3,other,,P,other,P,other
slfrd.dsl.studentloan.or.th,5000,y,True,False,P-256,TLS 1.2,other,,X,gov,P,finance-other
thportal.bora.dopa.go.th,5000,y,True,False,X25519,TLS 1.3,other,,S,gov,S,gov
esaraban.admincourt.go.th,10000,n,True,False,X25519,TLS 1.3,other,,S,gov,S,gov
e-cosys.rmutl.ac.th,10000,n,True,False,X25519,TLS 1.3,other,,X,education,S,education
www.mtsgold.co.th,5000,n,True,True,X25519MLKEM768,TLS 1.3,Cloudflare,Cloudflare,P,finance-other,P,finance-other
elearning.rpphosp.go.th,10000,n,True,False,P-384,TLS 1.3,other,,S,hospital,S,hospital
cs.agentic.garena.in.th,5000,n,True,False,X25519,TLS 1.3,other,,P,other,P,other
bank-crux-06,10000,y,True,True,X25519MLKEM768,TLS 1.3,Akamai,Akamai (edgekey),P,bank,P,bank
fsw.fisheries.go.th,5000,n,True,False,P-256,TLS 1.2,other,,B,gov,B,gov
obt.nhso.go.th,5000,y,True,False,X25519,TLS 1.2,other,,X,gov,I,hospital
www.eucerin.co.th,10000,n,True,True,X25519MLKEM768,TLS 1.3,other-edge:Azure Front Door,,N,other,N,other
sarabun.prd.go.th,5000,n,True,False,X25519,TLS 1.3,other,,S,gov,S,gov
udh-dh.moph.go.th,10000,y,True,True,X25519MLKEM768,TLS 1.3,other,,X,gov,I,hospital
std2018.vec.go.th,1000,n,True,False,X25519,TLS 1.2,other,,I,education,P,education
www.dyson.co.th,5000,n,True,True,X25519MLKEM768,TLS 1.3,Cloudflare,Cloudflare,P,ecommerce,P,ecommerce
www.ndlp.go.th,1000,n,True,True,X25519MLKEM768,TLS 1.3,other,,N,education,P,education
agent.glo.or.th,5000,y,True,False,X25519,TLS 1.3,other,,S,gov,B,gov
sys.advice.co.th,5000,n,True,True,X25519MLKEM768,TLS 1.3,Cloudflare,Cloudflare,X,ecommerce,S,ecommerce
mis5.bsru.ac.th,10000,n,True,True,X25519MLKEM768,TLS 1.3,Cloudflare,,P,education,P,education
ss.cpaxtra.co.th,5000,n,True,True,X25519MLKEM768,TLS 1.3,Cloudflare,,S,ecommerce,S,ecommerce
cmmet.tmd.go.th,5000,n,True,False,X25519,TLS 1.3,other,,N,gov,N,gov
www.vmdrug.co.th,10000,n,True,True,X25519MLKEM768,TLS 1.3,Cloudflare,,B,ecommerce,B,ecommerce
student.mytcas.com,5000,y,True,True,X25519MLKEM768,TLS 1.3,Fastly,,P,education,P,education
ge.up.ac.th,10000,n,True,False,X25519,TLS 1.3,other,,S,education,S,education
dlearn.rmutt.ac.th,5000,n,True,False,X25519,TLS 1.3,other,,S,education,S,education
saving.egat.co.th,10000,n,True,False,X25519,TLS 1.2,other,,S,other,P,finance-other
tcl99bms.transport.co.th,10000,n,True,False,X25519,TLS 1.3,other,,S,transport-logistics,S,transport-logistics
www.aia.co.th,10000,y,True,True,X25519MLKEM768,TLS 1.3,Akamai,Akamai (edgekey),N,insurance,N,insurance
www5.tisi.go.th,10000,n,True,False,X25519,TLS 1.3,other,,X,gov,X,gov
hris.pt.co.th,10000,n,True,True,X25519MLKEM768,TLS 1.3,Cloudflare,Cloudflare,S,other,S,other
reg3.sut.ac.th,10000,n,True,False,P-384,TLS 1.2,other,,P,education,P,education
edoc.cmu.ac.th,5000,y,True,False,X25519,TLS 1.3,other,,S,education,S,education
lead.in.th,10000,n,True,False,P-256,TLS 1.2,other,,P,education,P,education
seller.shopee.co.th,1000,n,True,False,X25519,TLS 1.3,other,,B,ecommerce,B,ecommerce
learner.thaimooc.ac.th,10000,n,True,True,X25519MLKEM768,TLS 1.3,Cloudflare,,P,education,P,education
kmlaas.dla.go.th,10000,n,True,True,X25519MLKEM768,TLS 1.3,Cloudflare,Cloudflare,S,gov,S,gov
internal.railway.co.th,10000,n,True,False,P-384,TLS 1.2,other,,S,transport-logistics,S,transport-logistics
bds.sme.go.th,10000,n,True,False,P-384,TLS 1.2,other,,B,gov,B,gov
tftrack.tfg.co.th,10000,n,True,False,X25519,TLS 1.3,other,,S,other,S,other
employmentguide.doe.go.th,10000,y,True,False,X25519,TLS 1.2,other,,P,gov,P,gov
newonetresult.niets.or.th,10000,n,True,False,X25519,TLS 1.3,other,,P,education,P,education
dssj.stou.ac.th,10000,n,True,True,X25519MLKEM768,TLS 1.3,Cloudflare,,P,education,P,education
www.krungthai-axa.co.th,10000,y,True,True,X25519MLKEM768,TLS 1.3,other,Akamai (edgekey),N,insurance,N,insurance
doh.eoffice.go.th,5000,n,True,False,X25519,TLS 1.3,other,,S,gov,S,gov
www.watsons.co.th,5000,n,True,False,X25519,TLS 1.2,Akamai,Akamai (edgekey),P,ecommerce,P,ecommerce
mooc.buu.ac.th,10000,y,True,False,X25519,TLS 1.2,other,,P,education,P,education
ams.forthsmart.co.th,10000,n,True,False,P-256,TLS 1.2,other,,S,other,S,finance-other
epolicy4.rvp.co.th,1000,y,True,False,P-256,TLS 1.2,other,,S,insurance,S,insurance
www.doa.go.th,10000,n,True,False,X25519,TLS 1.3,other,,N,gov,N,gov
www.nha.co.th,10000,n,True,False,X25519,TLS 1.2,other,,N,gov,N,gov
bank-crux-13,10000,y,True,True,X25519MLKEM768,TLS 1.3,Imperva,,P,bank,P,bank
fi-gl.livingjoy.co.th,10000,n,True,True,X25519MLKEM768,TLS 1.3,Cloudflare,,S,finance-other,S,finance-other
pdx.rta.mi.th,1000,n,True,False,X25519,TLS 1.3,other,,S,gov,S,gov
student.vec.go.th,5000,n,True,False,X25519,TLS 1.2,other,,I,education,P,education
hrms-checkin.bangkok.go.th,5000,n,True,False,X25519,TLS 1.3,other,,S,gov,S,gov
learning.redcross.or.th,10000,n,True,False,P-384,TLS 1.3,other,,P,other,P,education
khuruplatform.ksp.or.th,10000,n,True,False,X25519,TLS 1.3,other,,P,gov,P,education
www.mytcas.com,1000,y,True,True,X25519MLKEM768,TLS 1.3,Cloudflare,,N,education,P,education
elink.hbc.co.th,10000,n,True,True,X25519MLKEM768,TLS 1.3,Imperva,,X,other,S,other
esvh.sso.go.th,1000,y,True,False,X25519,TLS 1.3,other,,I,gov,X,gov
wp-auditdocs.cad.go.th,10000,n,True,False,X25519,TLS 1.3,other,Cloudflare,S,gov,S,gov
onlinetraining.dsd.go.th,10000,n,True,False,X25519,TLS 1.3,other,,P,gov,P,education
tm47.immigration.go.th,10000,y,True,True,X25519MLKEM768,TLS 1.3,Cloudflare,,P,gov,P,gov
bma.thaischoollunch.in.th,5000,n,True,True,X25519MLKEM768,TLS 1.3,Cloudflare,,S,education,I,education
dms.kku.ac.th,5000,y,True,False,X25519,TLS 1.3,other,,S,education,S,education
www.firstchoice.co.th,10000,n,True,True,X25519MLKEM768,TLS 1.3,Imperva,,N,finance-other,N,finance-other
api.paymentgateway.ais.co.th,5000,n,True,True,X25519MLKEM768,TLS 1.3,Imperva,,P,telco,X,finance-other
gcloud.dsd.go.th,5000,n,True,False,P-256,TLS 1.2,other,,X,gov,N,other
chiangmailocal.go.th,10000,n,True,False,P-256,TLS 1.2,other,,N,gov,N,gov
privus.fda.moph.go.th,5000,y,True,False,X25519,TLS 1.2,other,,B,gov,S,gov
qonnect.qpm.co.th,5000,n,True,False,P-256,TLS 1.2,other,,X,other,X,other
aisplay.ais.th,10000,n,True,True,X25519MLKEM768,TLS 1.3,CloudFront,CloudFront,P,telco,P,media
www.siphhospital.com,5000,y,True,True,X25519MLKEM768,TLS 1.3,Cloudflare,Cloudflare,N,hospital,N,hospital
saraban.tmd.go.th,5000,n,True,False,X25519,TLS 1.3,other,,S,gov,S,gov
menu.ocha.in.th,10000,n,True,False,X25519,TLS 1.2,other,,N,other,N,ecommerce
www.press.in.th,5000,n,True,True,X25519MLKEM768,TLS 1.3,Cloudflare,,N,media,N,media
bank-crux-32,10000,y,True,True,X25519MLKEM768,TLS 1.3,Akamai,Akamai (edgekey),B,bank,B,bank
property.centralpattana.co.th,5000,n,True,False,X25519,TLS 1.3,other,,B,other,S,other
branch.nescen.in.th,10000,n,True,True,X25519MLKEM768,TLS 1.3,Cloudflare,Cloudflare,S,other,S,other
www.prd.go.th,10000,n,True,False,X25519,TLS 1.2,other,,N,gov,N,gov
mylocker.virginactive.co.th,10000,n,True,False,P-384,TLS 1.2,other,,P,other,P,other
newtrade.mtsgold.co.th,10000,n,True,False,P-256,TLS 1.2,other,,P,finance-other,P,finance-other
e-saraban.dld.go.th,5000,n,True,False,X25519,TLS 1.3,other,,S,gov,S,gov
aiscallcenter.ais.co.th,5000,n,True,False,P-256,TLS 1.2,other,,S,telco,S,telco
www.intergold.co.th,1000,n,True,True,X25519MLKEM768,TLS 1.3,Cloudflare,,N,finance-other,P,finance-other
www.peaceandliving.co.th,10000,n,True,True,X25519MLKEM768,TLS 1.3,Cloudflare,,N,other,N,other
www.mcdonalds.co.th,10000,n,True,True,X25519MLKEM768,TLS 1.3,CloudFront,CloudFront,N,ecommerce,P,ecommerce
hris.mch.mfu.ac.th,10000,y,True,False,X25519,TLS 1.3,other,,S,education,S,hospital
asset.led.go.th,1000,y,True,False,P-256,TLS 1.2,other,,N,gov,N,gov
smart.obec.go.th,5000,y,True,False,X25519,TLS 1.3,other,,S,education,S,education
www.springnews.co.th,10000,n,True,True,X25519MLKEM768,TLS 1.3,Cloudflare,,N,media,N,media
www.thaischoollunch.in.th,1000,n,True,True,X25519MLKEM768,TLS 1.3,Cloudflare,,N,education,I,education
intranet.cad.go.th,10000,n,True,True,X25519MLKEM768,TLS 1.3,Cloudflare,Cloudflare,S,gov,S,gov
register.thaimooc.ac.th,10000,n,True,True,X25519MLKEM768,TLS 1.3,Cloudflare,,P,education,P,education
www.electrolux.co.th,10000,n,True,True,X25519MLKEM768,TLS 1.3,Akamai,Akamai (edgekey),N,other,P,ecommerce
edoc.airportthai.co.th,10000,n,True,False,P-256,TLS 1.2,other,,S,transport-logistics,S,transport-logistics
ddd.thailandpost.co.th,5000,y,True,False,X25519,TLS 1.3,other,,X,transport-logistics,S,transport-logistics
pharmacy.mahidol.ac.th,10000,y,True,False,X25519,TLS 1.3,other,Akamai (edgesuite),N,education,N,education
eclaim15.blueventuregroup.co.th,5000,n,True,False,X25519,TLS 1.2,other,,I,insurance,I,insurance
m.google.co.th,5000,n,True,True,X25519MLKEM768,TLS 1.3,other,,N,other,N,other
www.dol.go.th,5000,y,True,True,X25519MLKEM768,TLS 1.3,CloudFront,CloudFront,N,gov,N,gov
csgproject.dcy.go.th,5000,n,True,False,X25519,TLS 1.3,other,,I,gov,I,gov
sut.eoffice.go.th,10000,n,True,False,X25519,TLS 1.3,other,Cloudflare,S,gov,S,education
webga2020.mittare.com,10000,y,True,False,X25519,TLS 1.3,other,,S,other,S,insurance
dmail2.minebea.co.th,1000,n,True,False,X25519,TLS 1.3,other,,N,other,N,other
www.hipflat.co.th,5000,n,True,True,X25519MLKEM768,TLS 1.3,Cloudflare,,N,other,P,other
amss.nayok.go.th,10000,n,True,True,X25519MLKEM768,TLS 1.3,Cloudflare,,S,education,S,education
sportbooking.mfu.ac.th,10000,y,True,False,X25519,TLS 1.3,other,,P,education,S,education
moodle.rmutsv.ac.th,5000,n,True,True,X25519MLKEM768,TLS 1.3,other,,S,education,S,education
amss.ksn1.go.th,10000,n,True,False,X25519,TLS 1.3,other,,S,education,S,education
www.columbia.co.th,10000,n,True,True,X25519MLKEM768,TLS 1.3,Cloudflare,,P,ecommerce,P,ecommerce
elearning.sut.ac.th,5000,n,True,False,X25519,TLS 1.3,other,,S,education,S,education
www.thailandpost.co.th,10000,y,True,True,X25519MLKEM768,TLS 1.3,other,Akamai (edgekey),N,transport-logistics,N,transport-logistics
www.honda.co.th,1000,n,True,True,X25519MLKEM768,TLS 1.3,Imperva,,N,other,N,other
dltv.ac.th,1000,n,True,True,X25519MLKEM768,TLS 1.3,other,,N,education,N,education
